id,0,idReviewer,1,idLeaflet,2,clozeField1,3,clozeField2,4,clozeField3,5,clozeField4,6,clozeField5,7,clozeField6,8,clozeField7,9,clozeField8,10,clozeField9,11,clozeField10,12,clozeField11,13,clozeField12,14,clozeField13,15,clozeField14,16,clozeField15,17,clozeField16,18,clozeField17,19,clozeField18,20,clozeField19,21,clozeField20,22,clozeField21,23,clozeField22,24,clozeField23,25,clozeField24,26,clozeField25,27,clozeField26,28,clozeField27,29,clozeField28,30,clozeField29,31,clozeField30,32,clozeField31,33,clozeField32,34,cAns1,35,cAns2,36,cAns3,37,cAns4,38,cAns5,39,cAns6,40,cAns7,41,cAns8,42,cAns9,43,cAns10,44,cAns11,45,cAns12,46,cAns13,47,cAns14,48,cAns15,49,cAns16,50,cAns17,51,cAns18,52,cAns19,53,cAns20,54,cAns21,55,cAns22,56,cAns23,57,cAns24,58,cAns25,59,cAns26,60,cAns27,61,cAns28,62,cAns29,63,cAns30,64,cAns31,65,cAns32,66,flag,67
1,1,idReviewer,idReviewer,idLeaflet,idLeaflet,clozeField1,clozeField1,clozeField2,clozeField2,clozeField3,clozeField3,clozeField4,clozeField4,clozeField5,clozeField5,clozeField6,clozeField6,clozeField7,clozeField7,clozeField8,clozeField8,clozeField9,clozeField9,clozeField10,clozeField10,clozeField11,clozeField11,clozeField12,clozeField12,clozeField13,clozeField13,clozeField14,clozeField14,clozeField15,clozeField15,clozeField16,clozeField16,clozeField17,clozeField17,clozeField18,clozeField18,clozeField19,clozeField19,clozeField20,clozeField20,clozeField21,clozeField21,clozeField22,clozeField22,clozeField23,clozeField23,clozeField24,clozeField24,clozeField25,clozeField25,clozeField26,clozeField26,clozeField27,clozeField27,clozeField28,clozeField28,clozeField29,clozeField29,clozeField30,clozeField30,clozeField31,clozeField31,clozeField32,clozeField32,cAns1,cAns1,cAns2,cAns2,cAns3,cAns3,cAns4,cAns4,cAns5,cAns5,cAns6,cAns6,cAns7,cAns7,cAns8,cAns8,cAns9,cAns9,cAns10,cAns10,cAns11,cAns11,cAns12,cAns12,cAns13,cAns13,cAns14,cAns14,cAns15,cAns15,cAns16,cAns16,cAns17,cAns17,cAns18,cAns18,cAns19,cAns19,cAns20,cAns20,cAns21,cAns21,cAns22,cAns22,cAns23,cAns23,cAns24,cAns24,cAns25,cAns25,cAns26,cAns26,cAns27,cAns27,cAns28,cAns28,cAns29,cAns29,cAns30,cAns30,cAns31,cAns31,cAns32,cAns32,1,1
2,2,sre33,sre33,1,1,or,or,clinical,clinical,specific,specific,for,for,with,with,principal,principal,,,,,,,,,,,,,,,,,,,,,,,,,,,,,,,,,,,,,,,,,,,,,,,,,,,,,or,or,randomised,randomised,routine,routine,for,for,with,with,chief,chief,that,that,a,a,you,you,you,you,to,to,sputum,sputum,up,up,about,about,for,for,signs,signs,consistent,consistent,illness,illness,like,like,a,a,viruses,viruses,have,have,a,a,ability,ability,research,research,any,any,then,then,get,get,close,close,would,would,we,we,you,you,0,0
3,3,sre35,sre35,1,1,,,,,,,,,,,,,,,,,,,,,,,,,,,,,,,,,,,,,,,,,,,,,,,,,,,,,,,,,,,,,,,,,or,or,randomised,randomised,routine,routine,for,for,with,with,chief,chief,that,that,a,a,you,you,you,you,to,to,sputum,sputum,up,up,about,about,for,for,signs,signs,consistent,consistent,illness,illness,like,like,a,a,viruses,viruses,have,have,a,a,ability,ability,research,research,any,any,then,then,get,get,close,close,would,would,we,we,you,you,1,1
4,4,sre35,sre35,1,1,,,,,,,,,,,,,that,that,a,a,you,you,you,you,to,to,,,,,,,,,symptoms,symptoms,,,,,,,,,,,,,,,ability,ability,study,study,some,some,then,then,gain,gain,close,close,would,would,we,we,the,the,or,or,randomised,randomised,routine,routine,for,for,with,with,chief,chief,that,that,a,a,you,you,you,you,to,to,sputum,sputum,up,up,about,about,for,for,signs,signs,consistent,consistent,illness,illness,like,like,a,a,viruses,viruses,have,have,a,a,ability,ability,research,research,any,any,then,then,get,get,close,close,would,would,we,we,you,you,1,1
5,5,sre35,sre35,1,1,,,,,,,,,,,,,that,that,a,a,you,you,you,you,to,to,,,,,,,,,symptoms,symptoms,,,,,,,,,,,,,,,ability,ability,study,study,some,some,then,then,gain,gain,close,close,would,would,we,we,the,the,or,or,randomised,randomised,routine,routine,for,for,with,with,chief,chief,that,that,a,a,you,you,you,you,to,to,sputum,sputum,up,up,about,about,for,for,signs,signs,consistent,consistent,illness,illness,like,like,a,a,viruses,viruses,have,have,a,a,ability,ability,research,research,any,any,then,then,get,get,close,close,would,would,we,we,you,you,0,0
6,6,sre35,sre35,1,1,to,to,provide,provide,asked,asked,aswell,aswell,personal,personal,medical,medical,such,such,from,from,will,will,number,number,advise,advise,study,study,,,,,,,of,of,are,are,have,have,,,,,,,,,,,,,possibly,possibly,when,when,to,to,we,we,how,how,,,work,work,and,and,or,or,randomised,randomised,routine,routine,for,for,with,with,chief,chief,that,that,a,a,you,you,you,you,to,to,sputum,sputum,up,up,about,about,for,for,signs,signs,consistent,consistent,illness,illness,like,like,a,a,viruses,viruses,have,have,a,a,ability,ability,research,research,any,any,then,then,get,get,close,close,would,would,we,we,you,you,1,1
7,7,sre35,sre35,1,1,to,to,provide,provide,asked,asked,aswell,aswell,personal,personal,medical,medical,such,such,from,from,will,will,number,number,advise,advise,study,study,,,,,and,and,of,of,are,are,have,have,,,,,,,,,,,,,possibly,possibly,when,when,to,to,we,we,how,how,,,work,work,and,and,or,or,randomised,randomised,routine,routine,for,for,with,with,chief,chief,that,that,a,a,you,you,you,you,to,to,sputum,sputum,up,up,about,about,for,for,signs,signs,consistent,consistent,illness,illness,like,like,a,a,viruses,viruses,have,have,a,a,ability,ability,research,research,any,any,then,then,get,get,close,close,would,would,we,we,you,you,0,0
8,8,1,1,1,1,,,,,,,,,,,,,,,,,,,,,,,,,,,,,,,,,,,,,,,,,,,,,,,,,,,,,,,,,,,,,,,,,or,or,randomised,randomised,routine,routine,for,for,with,with,chief,chief,that,that,a,a,you,you,you,you,to,to,sputum,sputum,up,up,about,about,for,for,signs,signs,consistent,consistent,illness,illness,like,like,a,a,viruses,viruses,have,have,a,a,ability,ability,research,research,any,any,then,then,get,get,close,close,would,would,we,we,you,you,1,1
9,9,2,2,1,1,,,,,,,,,,,,,,,,,,,,,,,,,,,,,,,,,,,,,,,,,,,,,,,,,,,,,,,,,,,,,,,,,or,or,randomised,randomised,routine,routine,for,for,with,with,chief,chief,that,that,a,a,you,you,you,you,to,to,sputum,sputum,up,up,about,about,for,for,signs,signs,consistent,consistent,illness,illness,like,like,a,a,viruses,viruses,have,have,a,a,ability,ability,research,research,any,any,then,then,get,get,close,close,would,would,we,we,you,you,1,1
10,10,2,2,1,1,,,,,,,,,,,,,,,,,,,,,,,,,,,,,,,,,,,,,,,,,,,,,,,,,,,,,,,,,,,,,,,,,or,or,randomised,randomised,routine,routine,for,for,with,with,chief,chief,that,that,a,a,you,you,you,you,to,to,sputum,sputum,up,up,about,about,for,for,signs,signs,consistent,consistent,illness,illness,like,like,a,a,viruses,viruses,have,have,a,a,ability,ability,research,research,any,any,then,then,get,get,close,close,would,would,we,we,you,you,1,1
11,11,sre35,sre35,1,1,to,to,provide,provide,asked,asked,aswell,aswell,personal,personal,medical,medical,such,such,from,from,will,will,number,number,advise,advise,study,study,,,,,and,and,of,of,are,are,have,have,,,,,,,,,,,,,possibly,possibly,when,when,to,to,we,we,how,how,,,work,work,and,and,or,or,randomised,randomised,routine,routine,for,for,with,with,chief,chief,that,that,a,a,you,you,you,you,to,to,sputum,sputum,up,up,about,about,for,for,signs,signs,consistent,consistent,illness,illness,like,like,a,a,viruses,viruses,have,have,a,a,ability,ability,research,research,any,any,then,then,get,get,close,close,would,would,we,we,you,you,0,0
12,12,sre35,sre35,as,as,as,as,will,will,locked,locked,on,on,password,password,by,by,of,of,document,document,take,take,and,and,staff,staff,send,send,the,the,the,the,to,to,please,please,and,and,staff,staff,send,send,University,University,envelope,envelope,you,you,taking,taking,but,but,study,study,further,further,for,for,going,going,that,that,,,who,who,types,types,,,,,,,,,,,,,,,,,,,,,,,,,,,,,,,,,,,,,,,,,,,,,,,,,,,,,,,,,,,,,,,,,1,1
13,13,sre35,sre35,as,as,as,as,will,will,locked,locked,on,on,password,password,by,by,of,of,document,document,take,take,and,and,staff,staff,send,send,the,the,the,the,to,to,please,please,and,and,staff,staff,send,send,University,University,envelope,envelope,you,you,taking,taking,but,but,study,study,further,further,for,for,going,going,that,that,,,who,who,types,types,,,,,,,,,,,,,,,,,,,,,,,,,,,,,,,,,,,,,,,,,,,,,,,,,,,,,,,,,,,,,,,,,0,0
14,14,a,a,as,as,,,,,,,,,,,,,,,,,,,,,,,,,,,,,,,,,,,,,,,,,,,,,,,,,,,,,,,,,,,,,,,,,,,,,,,,,,,,,,,,,,,,,,,,,,,,,,,,,,,,,,,,,,,,,,,,,,,,,,,,,,,,,,,,,1,1
15,15,a,a,3,3,,,,,,,,,,,,,,,,,,,,,,,,,,,,,,,,,,,,,,,,,,,,,,,,,,,,,,,,,,,,,,,,,as,as,will,will,locked,locked,on,on,password,password,by,by,of,of,information,information,take,take,and,and,researcher,researcher,send,send,the,the,the,the,to,to,please,please,and,and,researcher,researcher,send,send,university,university,envelop,envelop,you,you,taking,taking,but,but,study,study,further,further,for,for,able,able,but,but,to,to,who,who,treatments,treatments,1,1
16,16,sre35,sre35,as,as,as,as,will,will,locked,locked,on,on,password,password,by,by,of,of,document,document,take,take,and,and,staff,staff,send,send,the,the,the,the,to,to,please,please,and,and,staff,staff,send,send,University,University,envelope,envelope,you,you,taking,taking,but,but,study,study,further,further,for,for,going,going,that,that,,,who,who,types,types,,,,,,,,,,,,,,,,,,,,,,,,,,,,,,,,,,,,,,,,,,,,,,,,,,,,,,,,,,,,,,,,,0,0
17,17,sre35,sre35,3,3,,,,,,,,,,,,,,,,,,,,,,,,,,,,,,,,,,,,,,,,,,,,,,,,,,,,,,,,,,,,,,,,,as,as,will,will,locked,locked,on,on,password,password,by,by,of,of,information,information,take,take,and,and,researcher,researcher,send,send,the,the,the,the,to,to,please,please,and,and,researcher,researcher,send,send,university,university,envelop,envelop,you,you,taking,taking,but,but,study,study,further,further,for,for,able,able,but,but,to,to,who,who,treatments,treatments,1,1
18,18,sre35,sre35,3,3,,,,,,,,,,,,,,,,,,,,,,,,,,,,,,,,,,,,,,,,,,,,,,,,,,,,,,,,,,,,,,,,,as,as,will,will,locked,locked,on,on,password,password,by,by,of,of,information,information,take,take,and,and,researcher,researcher,send,send,the,the,the,the,to,to,please,please,and,and,researcher,researcher,send,send,university,university,envelop,envelop,you,you,taking,taking,but,but,study,study,further,further,for,for,able,able,but,but,to,to,who,who,treatments,treatments,1,1
19,19,sre35,sre35,3,3,,,,,,,,,,,,,,,,,,,,,,,,,,,,,,,,,,,,,,,,,,,,,,,,,,,,,,,,,,,,,,,,,as,as,will,will,locked,locked,on,on,password,password,by,by,of,of,information,information,take,take,and,and,researcher,researcher,send,send,the,the,the,the,to,to,please,please,and,and,researcher,researcher,send,send,university,university,envelop,envelop,you,you,taking,taking,but,but,study,study,further,further,for,for,able,able,but,but,to,to,who,who,treatments,treatments,1,1
20,20,sr32,sr32,1,1,jw1,jw1,,,,,,,,,,,,,,,,,,,,,,,,,,,,,,,,,,,,,,,,,,,,,,,,,,,,,,,,,,,,,,,or,or,randomised,randomised,routine,routine,for,for,with,with,chief,chief,that,that,a,a,you,you,you,you,to,to,sputum,sputum,up,up,about,about,for,for,signs,signs,consistent,consistent,illness,illness,like,like,a,a,viruses,viruses,have,have,a,a,ability,ability,research,research,any,any,then,then,get,get,close,close,would,would,we,we,you,you,1,1
21,21,sr32,sr32,1,1,jw1,jw1,2,2,,,,,,,,,,,,,,,,,,,,,,,,,,,,,,,,,,,,,,,,,,,,,,,,,,,,,,,,,,,,,or,or,randomised,randomised,routine,routine,for,for,with,with,chief,chief,that,that,a,a,you,you,you,you,to,to,sputum,sputum,up,up,about,about,for,for,signs,signs,consistent,consistent,illness,illness,like,like,a,a,viruses,viruses,have,have,a,a,ability,ability,research,research,any,any,then,then,get,get,close,close,would,would,we,we,you,you,1,1
22,22,sre32,sre32,1,1,wPil2,wPil2,,,,,,,,,,,,,,,,,,,,,,,,,,,,,,,,,,,,,,,,,,,,,,,,,,,,,,,,,,,,,,,or,or,randomised,randomised,routine,routine,for,for,with,with,chief,chief,that,that,a,a,you,you,you,you,to,to,sputum,sputum,up,up,about,about,for,for,signs,signs,consistent,consistent,illness,illness,like,like,a,a,viruses,viruses,have,have,a,a,ability,ability,research,research,any,any,then,then,get,get,close,close,would,would,we,we,you,you,1,1
23,23,sre32,sre32,1,1,wPil2,wPil2,,,,,,,,,,,,,,,,,,,,,,,,,,,,,,,,,,,,,,,,,,,,,,,,,,,,,,,,,,,,,,,or,or,randomised,randomised,routine,routine,for,for,with,with,chief,chief,that,that,a,a,you,you,you,you,to,to,sputum,sputum,up,up,about,about,for,for,signs,signs,consistent,consistent,illness,illness,like,like,a,a,viruses,viruses,have,have,a,a,ability,ability,research,research,any,any,then,then,get,get,close,close,would,would,we,we,you,you,1,1
24,24,sre32,sre32,2,2,wPIL2,wPIL2,,,,,,,,,,,,,,,,,,,,,,,,,,,,,,,,,,,,,,,,,,,,,,,,,,,,,,,,,,,,,,,to,to,gather,gather,collected,collected,such,such,treatment,treatment,medical,medical,such,such,other,other,will,will,number,number,contact,contact,study,study,relevant,relevant,is,is,and,and,of,of,and,and,have,have,identifies,identifies,who,who,to,to,process,process,or,or,process,process,invitation,invitation,when,when,to,to,we,we,how,how,treatment,treatment,find,find,and,and,1,1
25,25,sre32,sre32,3,3,wPIL3,wPIL3,,,,,,,,,,,,,,,,,,,,,,,,,,,,,,,,,,,,,,,,,,,,,,,,,,,,,,,,,,,,,,,as,as,will,will,locked,locked,on,on,password,password,by,by,of,of,information,information,take,take,and,and,researcher,researcher,send,send,the,the,the,the,to,to,please,please,and,and,researcher,researcher,send,send,university,university,envelop,envelop,you,you,taking,taking,but,but,study,study,further,further,for,for,able,able,but,but,to,to,who,who,treatments,treatments,1,1
26,26,sre32,sre32,4,4,wPIL4,wPIL4,,,,,,,,,,,,,,,,,,,,,,,,,,,,,,,,,,,,,,,,,,,,,,,,,,,,,,,,,,,,,,,are,are,would,would,but,but,permission,permission,information,information,to,to,data,data,we,we,you,you,information,information,longer,longer,is,is,of,of,in,in,data,data,and,and,archiving,archiving,interest,interest,pruposes,pruposes,information,information,that,that,the,the,and,and,medical,medical,such,such,and,and,the,the,will,will,that,that,people,people,to,to,process,process,1,1
27,27,sre32,sre32,1,1,wPIL1,wPIL1,,,,,,,,,,,,,,,,,,,,,,,,,,,,,,,,,,,,,,,,,,,,,,,,,,,,,,,,,,,,,,,or,or,randomised,randomised,routine,routine,for,for,with,with,chief,chief,that,that,a,a,you,you,you,you,to,to,sputum,sputum,up,up,about,about,for,for,signs,signs,consistent,consistent,illness,illness,like,like,a,a,viruses,viruses,have,have,a,a,ability,ability,research,research,any,any,then,then,get,get,close,close,would,would,we,we,you,you,1,1
28,28,S32,S32,1,1,1,1,2,2,3,3,4,4,5,5,6,6,7,7,8,8,9,9,10,10,11,11,12,12,13,13,14,14,15,15,16,16,17,17,18,18,19,19,20,20,21,21,22,22,,,,,,,,,,,,,,,,,31,31,32,32,or,or,randomised,randomised,routine,routine,for,for,with,with,chief,chief,that,that,a,a,you,you,you,you,to,to,sputum,sputum,up,up,about,about,for,for,signs,signs,consistent,consistent,illness,illness,like,like,a,a,viruses,viruses,have,have,a,a,ability,ability,research,research,any,any,then,then,get,get,close,close,would,would,we,we,you,you,1,1
29,29,sr37,sr37,1,1,and,and,user,user,new,new,"to treat","to treat","due to","due to",Research,Research,that,that,a,a,you,you,you,you,to,to,"saliva samples ","saliva samples ",with,with,about,about,and,and,signs,signs,associated,associated,illnesses,illnesses,have,have,a,a,diseases,diseases,have,have,a,a,ability,ability,evaluating,evaluating,some,some,then,then,get,get,close,close,would,would,we,we,you,you,or,or,randomised,randomised,routine,routine,for,for,with,with,chief,chief,that,that,a,a,you,you,you,you,to,to,sputum,sputum,up,up,about,about,for,for,signs,signs,consistent,consistent,illness,illness,like,like,a,a,viruses,viruses,have,have,a,a,ability,ability,research,research,any,any,then,then,get,get,close,close,would,would,we,we,you,you,0,0
30,30,sr37,sr37,2,2,to,to,obtain,obtain,needed,needed,such,such,personal,personal,health,health,such,such,other,other,may,may,number,number,contact,contact,procedure,procedure,the,the,is,is,not,not,of,of,are,are,have,have,concerns,concerns,who,who,to,to,record,record,"in order to","in order to",properly,properly,test,test,when,when,to,to,we,we,"how healthy","how healthy",test,test,figure,figure,and,and,to,to,gather,gather,collected,collected,such,such,treatment,treatment,medical,medical,such,such,other,other,will,will,number,number,contact,contact,study,study,relevant,relevant,is,is,and,and,of,of,and,and,have,have,identifies,identifies,who,who,to,to,process,process,or,or,process,process,invitation,invitation,when,when,to,to,we,we,how,how,treatment,treatment,find,find,and,and,0,0
31,31,sre38,sre38,1,1,"not clear to reader","not clear to reader","not clear to reader","not clear to reader","not clear to reader","not clear to reader","not clear to reader","not clear to reader",for,for,principle,principle,test,test,influenza,influenza,you,you,you,you,to,to,"not clear to reader","not clear to reader",mucus,mucus,measurement,measurement,for,for,illness,illness,diagnosed,diagnosed,illness,illness,like,like,a,a,illnesses,illnesses,have,have,a,a,right,right,research,research,some,some,then,then,obtain,obtain,close,close,will,will,we,we,data,data,or,or,randomised,randomised,routine,routine,for,for,with,with,chief,chief,that,that,a,a,you,you,you,you,to,to,sputum,sputum,up,up,about,about,for,for,signs,signs,consistent,consistent,illness,illness,like,like,a,a,viruses,viruses,have,have,a,a,ability,ability,research,research,any,any,then,then,get,get,close,close,would,would,we,we,you,you,0,0
32,32,sr37,sr37,3,3,as,as,will,will,different,different,in,in,password,password,by,by,of,of,still,still,take,take,and,and,person,person,"return ","return ",the,the,a,a,to,to,please,please,and,and,person,person,return,return,University,University,envelope,envelope,you,you,taking,taking,but,but,study,study,greatly,greatly,for,for,able,able,but,but,to,to,who,who,issues,issues,as,as,will,will,locked,locked,on,on,password,password,by,by,of,of,information,information,take,take,and,and,researcher,researcher,send,send,the,the,the,the,to,to,please,please,and,and,researcher,researcher,send,send,university,university,envelop,envelop,you,you,taking,taking,but,but,study,study,further,further,for,for,able,able,but,but,to,to,who,who,treatments,treatments,0,0
33,33,sr37,sr37,4,4,are,are,will,will,but,but,permission,permission,"contact information","contact information",will,will,information,information,we,we,you,you,information,information,longer,longer,is,is,and,and,for,for,data,data,establishes,establishes,security,security,access,access,data,data,information,information,which,which,the,the,research,research,NHS,NHS,such,such,and,and,the,the,will,will,that,that,staff,staff,to,to,collect,collect,are,are,would,would,but,but,permission,permission,information,information,to,to,data,data,we,we,you,you,information,information,longer,longer,is,is,of,of,in,in,data,data,and,and,archiving,archiving,interest,interest,pruposes,pruposes,information,information,that,that,the,the,and,and,medical,medical,such,such,and,and,the,the,will,will,that,that,people,people,to,to,process,process,0,0
34,34,sre39,sre39,1,1,loss,loss,have,have,uniformed,uniformed,with,with,with,with,what,what,test,test,a,a,you,you,you,you,to,to,tests,tests,fleme,fleme,just,just,this,this,tests,tests,seen,seen,problem,problem,have,have,other,other,conditions,conditions,have,have,other,other,form,form,hospital,hospital,other,other,then,then,ask,ask,other,other,will,will,before,before,there,there,or,or,randomised,randomised,routine,routine,for,for,with,with,chief,chief,that,that,a,a,you,you,you,you,to,to,sputum,sputum,up,up,about,about,for,for,signs,signs,consistent,consistent,illness,illness,like,like,a,a,viruses,viruses,have,have,a,a,ability,ability,research,research,any,any,then,then,get,get,close,close,would,would,we,we,you,you,0,0
35,35,sre39,sre39,2,2,to,to,gather,gather,asked,asked,hospital,hospital,personal,personal,personal,personal,patient,patient,local,local,would,would,number,number,help,help,study,study,the,the,"ha beens","ha beens",and,and,of,of,and,and,able,able,for,for,who,who,and,and,this,this,for,for,purposes,purposes,may,may,when,when,to,to,we,we,this,this,visit,visit,look,look,and,and,to,to,gather,gather,collected,collected,such,such,treatment,treatment,medical,medical,such,such,other,other,will,will,number,number,contact,contact,study,study,relevant,relevant,is,is,and,and,of,of,and,and,have,have,identifies,identifies,who,who,to,to,process,process,or,or,process,process,invitation,invitation,when,when,to,to,we,we,how,how,treatment,treatment,find,find,and,and,0,0
36,36,sre310,sre310,1,1,,,,,,,"such as","such as","because of","because of",vaccination,vaccination,that,that,a,a,you,you,you,you,to,to,"that is","that is",out,out,"making it","making it","which is","which is",assessment,assessment,"also treated","also treated",illness,illness,endeavour,endeavour,a,a," test"," test",have,have,a,a,right,right,medical,medical,various,various,"it means that","it means that",authorise,authorise,related,related,will,will,we,we,"it has been","it has been",or,or,randomised,randomised,routine,routine,for,for,with,with,chief,chief,that,that,a,a,you,you,you,you,to,to,sputum,sputum,up,up,about,about,for,for,signs,signs,consistent,consistent,illness,illness,like,like,a,a,viruses,viruses,have,have,a,a,ability,ability,research,research,any,any,then,then,get,get,close,close,would,would,we,we,you,you,0,0
37,37,sre312,sre312,1,1,limited,limited,".In this",".In this",the,the,"in which the","in which the","is the","is the",". By the",". By the","this can","this can","the flu","the flu","with you","with you",you,you,for,for,"and take this proof","and take this proof","and have","and have","in where you need","in where you need","this help us with an","this help us with an",analysis,analysis,cough,cough,sputum,sputum,"need your permission","need your permission","comparing a","comparing a","and this manner discard them","and this manner discard them",be,be,a,a,interest,interest,test-and-treat,test-and-treat,"proof and","proof and","is necessary that","is necessary that",ask,ask,more,more,would,would,"the team","the team","you are","you are",or,or,randomised,randomised,routine,routine,for,for,with,with,chief,chief,that,that,a,a,you,you,you,you,to,to,sputum,sputum,up,up,about,about,for,for,signs,signs,consistent,consistent,illness,illness,like,like,a,a,viruses,viruses,have,have,a,a,ability,ability,research,research,any,any,then,then,get,get,close,close,would,would,we,we,you,you,0,0
38,38,p,p,1,1,,,,,,,,,,,,,,,,,,,,,,,,,,,,,,,,,,,,,,,,,,,,,,,,,,,,,,,,,,,,,,,,,or,or,randomised,randomised,routine,routine,for,for,with,with,chief,chief,that,that,a,a,you,you,you,you,to,to,sputum,sputum,up,up,about,about,for,for,signs,signs,consistent,consistent,illness,illness,like,like,a,a,viruses,viruses,have,have,a,a,ability,ability,research,research,any,any,then,then,get,get,close,close,would,would,we,we,you,you,1,1
39,39,p,p,2,2,amor,amor,,,,,,,,,,,,,,,,,,,,,,,,,,,,,,,,,,,,,,,,,,,,,,,,,,,,,,,,,,,,,,,to,to,gather,gather,collected,collected,such,such,treatment,treatment,medical,medical,such,such,other,other,will,will,number,number,contact,contact,study,study,relevant,relevant,is,is,and,and,of,of,and,and,have,have,identifies,identifies,who,who,to,to,process,process,or,or,process,process,invitation,invitation,when,when,to,to,we,we,how,how,treatment,treatment,find,find,and,and,1,1
40,40,sre313,sre313,1,1,,,,,,,for,for,for,for,principal,principal,that,that,a,a,you,you,you,you,to,to,,,,,roughly,roughly,for,for,,,consistent,consistent,problem,problem,like,like,a,a,concerns,concerns,have,have,our,our,ability,ability,research,research,any,any,then,then,obtain,obtain,related,related,would,would,we,we,you,you,or,or,randomised,randomised,routine,routine,for,for,with,with,chief,chief,that,that,a,a,you,you,you,you,to,to,sputum,sputum,up,up,about,about,for,for,signs,signs,consistent,consistent,illness,illness,like,like,a,a,viruses,viruses,have,have,a,a,ability,ability,research,research,any,any,then,then,get,get,close,close,would,would,we,we,you,you,0,0
41,41,,,,,,,,,,,,,,,,,,,,,,,,,,,,,,,,,,,,,,,,,,,,,,,,,,,,,,,,,,,,,,,,,,,,,,,,,,,,,,,,,,,,,,,,,,,,,,,,,,,,,,,,,,,,,,,,,,,,,,,,,,,,,,,,,,,,,1,1
42,42,,,,,,,,,,,,,,,,,,,,,,,,,,,,,,,,,,,,,,,,,,,,,,,,,,,,,,,,,,,,,,,,,,,,,,,,,,,,,,,,,,,,,,,,,,,,,,,,,,,,,,,,,,,,,,,,,,,,,,,,,,,,,,,,,,,,,1,1
43,43,,,,,,,,,,,,,,,,,,,,,,,,,,,,,,,,,,,,,,,,,,,,,,,,,,,,,,,,,,,,,,,,,,,,,,,,,,,,,,,,,,,,,,,,,,,,,,,,,,,,,,,,,,,,,,,,,,,,,,,,,,,,,,,,,,,,,1,1
44,44,,,,,,,,,,,,,,,,,,,,,,,,,,,,,,,,,,,,,,,,,,,,,,,,,,,,,,,,,,,,,,,,,,,,,,,,,,,,,,,,,,,,,,,,,,,,,,,,,,,,,,,,,,,,,,,,,,,,,,,,,,,,,,,,,,,,,1,1
45,45,sre313,sre313,1,1,,,,,,,,,with,with,Principal,Principal,that,that,a,a,you,you,you,you,to,to,,,,,roughly,roughly,for,for,,,consistent,consistent,condition,condition,continue,continue,a,a,concerns,concerns,have,have,a,a,ability,ability,research,research,any,any,then,then,obtain,obtain,related,related,would,would,we,we,you,you,or,or,randomised,randomised,routine,routine,for,for,with,with,chief,chief,that,that,a,a,you,you,you,you,to,to,sputum,sputum,up,up,about,about,for,for,signs,signs,consistent,consistent,illness,illness,like,like,a,a,viruses,viruses,have,have,a,a,ability,ability,research,research,any,any,then,then,get,get,close,close,would,would,we,we,you,you,0,0
46,46,sre313,sre313,2,2,to,to,use,use,collect,collect,,,personal,personal,personal,personal,,,the,the,may,may,number,number,inform,inform,project,project,any,any,is,is,and,and,of,of,and,and,have,have,concerns,concerns,that,that,to,to,information,information,or,or,process,process,request,request,when,when,to,to,we,we,who,who,involvement,involvement,work,work,and,and,to,to,gather,gather,collected,collected,such,such,treatment,treatment,medical,medical,such,such,other,other,will,will,number,number,contact,contact,study,study,relevant,relevant,is,is,and,and,of,of,and,and,have,have,identifies,identifies,who,who,to,to,process,process,or,or,process,process,invitation,invitation,when,when,to,to,we,we,how,how,treatment,treatment,find,find,and,and,0,0
47,47,sre313,sre313,3,3,as,as,will,will,secure,secure,on,on,physically,physically,to,to,of,of,leaflet,leaflet,take,take,and,and,researcher,researcher,send,send,the,the,the,the,to,to,please,please,and,and,researcher,researcher,send,send,University,University,envelope,envelope,you,you,your,your,however,however,research,research,continuously,continuously,for,for,able,able,but,but,to,to,who,who,treatment,treatment,as,as,will,will,locked,locked,on,on,password,password,by,by,of,of,information,information,take,take,and,and,researcher,researcher,send,send,the,the,the,the,to,to,please,please,and,and,researcher,researcher,send,send,university,university,envelop,envelop,you,you,taking,taking,but,but,study,study,further,further,for,for,able,able,but,but,to,to,who,who,treatments,treatments,0,0
48,48,sre313,sre313,4,4,are,are,will,will,but,but,consent,consent,information,information,,,,,we,we,you,you,information,information,longer,longer,is,is,of,of,in,in,Data,Data,,,,,interest,interest,,,data,data,which,which,the,the,trial,trial,our,our,,,and,and,the,the,will,will,that,that,those,those,to,to,,,are,are,would,would,but,but,permission,permission,information,information,to,to,data,data,we,we,you,you,information,information,longer,longer,is,is,of,of,in,in,data,data,and,and,archiving,archiving,interest,interest,pruposes,pruposes,information,information,that,that,the,the,and,and,medical,medical,such,such,and,and,the,the,will,will,that,that,people,people,to,to,process,process,0,0
49,49,sre314,sre314,1,1,unknown,unknown,unknown,unknown,unknown,unknown,for,for,with,with,unknown,unknown,that,that,a,a,you,you,you,you,to,to,spittle,spittle,with,with,about,about,for,for,signs,signs,associated,associated,condition,condition,like,like,a,a,conditions,conditions,have,have,a,a,ability,ability,medical,medical,some,some,then,then,gain,gain,close,close,must,must,we,we,"you have","you have",or,or,randomised,randomised,routine,routine,for,for,with,with,chief,chief,that,that,a,a,you,you,you,you,to,to,sputum,sputum,up,up,about,about,for,for,signs,signs,consistent,consistent,illness,illness,like,like,a,a,viruses,viruses,have,have,a,a,ability,ability,research,research,any,any,then,then,get,get,close,close,would,would,we,we,you,you,0,0
50,50,sre314,sre314,2,2,to,to,provide,provide,kept,kept,unkown,unkown,personal,personal,medical,medical,unkiown,unkiown,other,other,may,may,details,details,contact,contact,results,results,the,the,is,is,and,and,of,of,and,and,have,have,identify,identify,who,who,and,and,review,review,and,and,process,process,request,request,when,when,to,to,we,we,who,who,teratment,teratment,see,see,and,and,to,to,gather,gather,collected,collected,such,such,treatment,treatment,medical,medical,such,such,other,other,will,will,number,number,contact,contact,study,study,relevant,relevant,is,is,and,and,of,of,and,and,have,have,identifies,identifies,who,who,to,to,process,process,or,or,process,process,invitation,invitation,when,when,to,to,we,we,how,how,treatment,treatment,find,find,and,and,0,0
51,51,sre314,sre314,3,3,as,as,will,will,individual,individual,on,on,securely,securely,to,to,of,of,and,and,take,take,and,and,researcher,researcher,post,post,the,the,the,the,to,to,please,please,and,and,researcher,researcher,post,post,University,University,envelope,envelope,you,you,taking,taking,however,however,research,research,further,further,for,for,able,able,but,but,to,to,who,who,types,types,as,as,will,will,locked,locked,on,on,password,password,by,by,of,of,information,information,take,take,and,and,researcher,researcher,send,send,the,the,the,the,to,to,please,please,and,and,researcher,researcher,send,send,university,university,envelop,envelop,you,you,taking,taking,but,but,study,study,further,further,for,for,able,able,but,but,to,to,who,who,treatments,treatments,0,0
52,52,sre314,sre314,4,4,action,action,will,will,but,but,data,data,that,that,will,will,data,data,we,we,you,you,data,data,longer,longer,and,and,of,of,in,in,Data,Data,and,and,the,the,interest,interest,activities,activities,data,data,that,that,the,the,or,or,national,national,such,such,and,and,the,the,have,have,that,that,those,those,and,and,process,process,are,are,would,would,but,but,permission,permission,information,information,to,to,data,data,we,we,you,you,information,information,longer,longer,is,is,of,of,in,in,data,data,and,and,archiving,archiving,interest,interest,pruposes,pruposes,information,information,that,that,the,the,and,and,medical,medical,such,such,and,and,the,the,will,will,that,that,people,people,to,to,process,process,0,0
53,53,sre315,sre315,1,1,or,or,randomised,randomised,routine,routine,for,for,with,with,Chief,Chief,that,that,a,a,you,you,you,you,to,to,sputum,sputum,up,up,about,about,for,for,signs,signs,consistent,consistent,illness,illness,like,like,a,a,viruses,viruses,have,have,a,a,ability,ability,research,research,any,any,then,then,get,get,close,close,would,would,we,we,you,you,or,or,randomised,randomised,routine,routine,for,for,with,with,chief,chief,that,that,a,a,you,you,you,you,to,to,sputum,sputum,up,up,about,about,for,for,signs,signs,consistent,consistent,illness,illness,like,like,a,a,viruses,viruses,have,have,a,a,ability,ability,research,research,any,any,then,then,get,get,close,close,would,would,we,we,you,you,0,0
54,54,sre315,sre315,1,1,or,or,randomised,randomised,routine,routine,for,for,with,with,Chief,Chief,that,that,a,a,you,you,you,you,to,to,sputum,sputum,up,up,about,about,for,for,signs,signs,consistent,consistent,illness,illness,like,like,a,a,viruses,viruses,have,have,a,a,ability,ability,research,research,any,any,then,then,get,get,close,close,would,would,we,we,you,you,or,or,randomised,randomised,routine,routine,for,for,with,with,chief,chief,that,that,a,a,you,you,you,you,to,to,sputum,sputum,up,up,about,about,for,for,signs,signs,consistent,consistent,illness,illness,like,like,a,a,viruses,viruses,have,have,a,a,ability,ability,research,research,any,any,then,then,get,get,close,close,would,would,we,we,you,you,0,0
55,55,,,,,,,,,,,,,,,,,,,,,,,,,,,,,,,,,,,,,,,,,,,,,,,,,,,,,,,,,,,,,,,,,,,,,,,,,,,,,,,,,,,,,,,,,,,,,,,,,,,,,,,,,,,,,,,,,,,,,,,,,,,,,,,,,,,,,1,1
56,56,sre315,sre315,1,1,or,or,randomised,randomised,routine,routine,for,for,with,with,Chief,Chief,that,that,a,a,you,you,you,you,to,to,sputum,sputum,up,up,about,about,for,for,signs,signs,consistent,consistent,illness,illness,like,like,a,a,viruses,viruses,have,have,a,a,ability,ability,research,research,any,any,then,then,get,get,close,close,would,would,we,we,you,you,or,or,randomised,randomised,routine,routine,for,for,with,with,chief,chief,that,that,a,a,you,you,you,you,to,to,sputum,sputum,up,up,about,about,for,for,signs,signs,consistent,consistent,illness,illness,like,like,a,a,viruses,viruses,have,have,a,a,ability,ability,research,research,any,any,then,then,get,get,close,close,would,would,we,we,you,you,0,0
57,57,sre316,sre316,1,1,special,special,this,this,,,for,for,because,because,,,positive,positive,influenza,influenza,patient,patient,"you agree","you agree",to,to,,,blood,blood," With"," With",This,This,,,dificultaded,dificultaded,"distress ","distress ",make,make,detect,detect,diseases,diseases,it,it,innovative,innovative,permission,permission,,,one,one,,,ask,ask,else,else,,,samples,samples,again,again,or,or,randomised,randomised,routine,routine,for,for,with,with,chief,chief,that,that,a,a,you,you,you,you,to,to,sputum,sputum,up,up,about,about,for,for,signs,signs,consistent,consistent,illness,illness,like,like,a,a,viruses,viruses,have,have,a,a,ability,ability,research,research,any,any,then,then,get,get,close,close,would,would,we,we,you,you,0,0
58,58,sre317,sre317,1,1,or,or,and,and,,,for,for,with,with,Primary,Primary,which,which,the,the,you,you,you,you,to,to,saliva,saliva,excess,excess,about,about,for,for,results,results,coming,coming,failure,failure,like,like,a,a,illnesses,illnesses,have,have,the,the,right,right,clinical,clinical,,,and,and,have,have,related,related,will,will,we,we,you,you,or,or,randomised,randomised,routine,routine,for,for,with,with,chief,chief,that,that,a,a,you,you,you,you,to,to,sputum,sputum,up,up,about,about,for,for,signs,signs,consistent,consistent,illness,illness,like,like,a,a,viruses,viruses,have,have,a,a,ability,ability,research,research,any,any,then,then,get,get,close,close,would,would,we,we,you,you,0,0
59,59,sre317,sre317,2,2,to,to,provide,provide,given,given,such,such,personal,personal,patient,patient,such,such,the,the,that,that,patient,patient,inform,inform,study,study,all,all,is,is,"in order","in order",of,of,and,and,have,have,affects,affects,that,that,and,and,process,process,and,and,forms,forms,study,study,when,when,to,to,we,we,about,about,treatment,treatment,know,know,and,and,to,to,gather,gather,collected,collected,such,such,treatment,treatment,medical,medical,such,such,other,other,will,will,number,number,contact,contact,study,study,relevant,relevant,is,is,and,and,of,of,and,and,have,have,identifies,identifies,who,who,to,to,process,process,or,or,process,process,invitation,invitation,when,when,to,to,we,we,how,how,treatment,treatment,find,find,and,and,0,0
60,60,sre317,sre317,3,3,as,as,will,will,the,the,on,on,securely,securely,from,from,of,of,completely,completely,take,take,and,and,university,university,submit,submit,the,the,a,a,to,to,please,please,and,and,university,university,submit,submit,University,University,envelope,envelope,you,you,taking,taking,but,but,study,study,further,further,for,for,able,able,but,but,to,to,who,who,experiences,experiences,as,as,will,will,locked,locked,on,on,password,password,by,by,of,of,information,information,take,take,and,and,researcher,researcher,send,send,the,the,the,the,to,to,please,please,and,and,researcher,researcher,send,send,university,university,envelop,envelop,you,you,taking,taking,but,but,study,study,further,further,for,for,able,able,but,but,to,to,who,who,treatments,treatments,0,0
61,61,sre317,sre317,4,4,are,are,will,will,but,but,information,information,as,as,we,we,data,data,we,we,you,you,what,what,longer,longer,is,is,of,of,for,for,Data,Data,,,the,the,data,data,data,data,data,data,which,which,the,the,trials,trials,the,the,such,such,and,and,the,the,will,will,that,that,those,those,and,and,process,process,are,are,would,would,but,but,permission,permission,information,information,to,to,data,data,we,we,you,you,information,information,longer,longer,is,is,of,of,in,in,data,data,and,and,archiving,archiving,interest,interest,pruposes,pruposes,information,information,that,that,the,the,and,and,medical,medical,such,such,and,and,the,the,will,will,that,that,people,people,to,to,process,process,0,0
62,62,v,v,1,1,sre318,sre318,,,,,,,,,,,,,,,,,,,,,,,,,,,,,,,,,,,,,,,,,,,,,,,,,,,,,,,,,sre318,sre318,sre318,sre318,318,318,or,or,randomised,randomised,routine,routine,for,for,with,with,chief,chief,that,that,a,a,you,you,you,you,to,to,sputum,sputum,up,up,about,about,for,for,signs,signs,consistent,consistent,illness,illness,like,like,a,a,viruses,viruses,have,have,a,a,ability,ability,research,research,any,any,then,then,get,get,close,close,would,would,we,we,you,you,1,1
63,63,v,v,2,2,sre318,sre318,,,,,,,,,,,,,,,,,,,,,,,,,,,,,,,,,,,,,,,,,,,,,,,,,,,,,sre318,sre318,,,sre318,sre318,sre318,sre318,318,318,to,to,gather,gather,collected,collected,such,such,treatment,treatment,medical,medical,such,such,other,other,will,will,number,number,contact,contact,study,study,relevant,relevant,is,is,and,and,of,of,and,and,have,have,identifies,identifies,who,who,to,to,process,process,or,or,process,process,invitation,invitation,when,when,to,to,we,we,how,how,treatment,treatment,find,find,and,and,1,1
64,64,sre315,sre315,1,1,or,or,randomised,randomised,routine,routine,for,for,with,with,Chief,Chief,that,that,a,a,you,you,you,you,to,to,sputum,sputum,up,up,about,about,for,for,signs,signs,consistent,consistent,illness,illness,like,like,a,a,viruses,viruses,have,have,a,a,ability,ability,research,research,any,any,then,then,get,get,close,close,would,would,we,we,you,you,or,or,randomised,randomised,routine,routine,for,for,with,with,chief,chief,that,that,a,a,you,you,you,you,to,to,sputum,sputum,up,up,about,about,for,for,signs,signs,consistent,consistent,illness,illness,like,like,a,a,viruses,viruses,have,have,a,a,ability,ability,research,research,any,any,then,then,get,get,close,close,would,would,we,we,you,you,0,0
65,65,sre315,sre315,2,2,to,to,have,have,indispensable,indispensable,so,so,the,the,clinical,clinical,"of clinicals","of clinicals",the,the,"ask you","ask you","need the information","need the information",contact,contact,"at the end","at the end",your,your,be,be,and,and,of,of,and,and,can,can,"is records of","is records of","autorized and","autorized and",to,to,"or records","or records","in an","in an","and details","and details",study,study,"with you information and","with you information and","things that need","things that need",you,you,that,that,record,record,oversee,oversee,up,up,to,to,gather,gather,collected,collected,such,such,treatment,treatment,medical,medical,such,such,other,other,will,will,number,number,contact,contact,study,study,relevant,relevant,is,is,and,and,of,of,and,and,have,have,identifies,identifies,who,who,to,to,process,process,or,or,process,process,invitation,invitation,when,when,to,to,we,we,how,how,treatment,treatment,find,find,and,and,0,0
66,66,sre38,sre38,2,2,to,to,use,use,collected,collected,"not clear to reader","not clear to reader","not clear to reader","not clear to reader",NHS,NHS,formed,formed,"unclear to reader","unclear to reader","not clear to reader","not clear to reader",records,records,contact,contact,study,study,the,the,is,is,"unclear to reader","unclear to reader",of,of,and,and,have,have,"unlear to reader","unlear to reader",that,that,to,to,collect,collect,and,and,method,method,study,study,that,that,to,to,we,we,how,how,"unclear to reader","unclear to reader",find,find,and,and,to,to,gather,gather,collected,collected,such,such,treatment,treatment,medical,medical,such,such,other,other,will,will,number,number,contact,contact,study,study,relevant,relevant,is,is,and,and,of,of,and,and,have,have,identifies,identifies,who,who,to,to,process,process,or,or,process,process,invitation,invitation,when,when,to,to,we,we,how,how,treatment,treatment,find,find,and,and,0,0
67,67,sre319,sre319,1,1,"(not sure)","(not sure)","(not sure)","(not sure)","(not sure)","(not sure)",for,for,for,for,study,study,"test which","test which",influenza,influenza,"you ","you ",you,you,to,to,samples,samples,any,any,"(not sure)","(not sure)","for ","for ",presentation,presentation,diagnosed?,diagnosed?,illness,illness,need,need,a,a,illnesses,illnesses,have,have,a,a,capacity,capacity,clinical,clinical,any,any,then,then,obtain,obtain,related,related,will,will,we,we,"you are","you are",or,or,randomised,randomised,routine,routine,for,for,with,with,chief,chief,that,that,a,a,you,you,you,you,to,to,sputum,sputum,up,up,about,about,for,for,signs,signs,consistent,consistent,illness,illness,like,like,a,a,viruses,viruses,have,have,a,a,ability,ability,research,research,any,any,then,then,get,get,close,close,would,would,we,we,you,you,0,0
68,68,sre38,sre38,3,3,as,as,will,will,secure,secure,on,on,password,password,to,to,of,of,information,information,take,take,and,and,staff,staff,send,send,the,the,the,the,to,to,please,please,and,and,staff,staff,send,send,university,university,envelope,envelope,you,you,taking,taking,but,but,study,study,better,better,for,for,needing,needing,but,but,to,to,and,and,types,types,as,as,will,will,locked,locked,on,on,password,password,by,by,of,of,information,information,take,take,and,and,researcher,researcher,send,send,the,the,the,the,to,to,please,please,and,and,researcher,researcher,send,send,university,university,envelop,envelop,you,you,taking,taking,but,but,study,study,further,further,for,for,able,able,but,but,to,to,who,who,treatments,treatments,0,0
69,69,sre319,sre319,2,2,"to ","to ",access,access,recorded,recorded,"(not sure)","(not sure)",symptom,symptom,medical,medical,such,such,"(not sure)","(not sure)",records,records,number,number,inform,inform,study,study,any,any,is,is,and,and,of,of,and,and,require,require,"(not sure)","(not sure)",who,who,to,to,"view ","view ",or,or,"(not sure)","(not sure)",study,study,when,when,to,to,we,we,who,who,symptoms,symptoms,find,find,and,and,to,to,gather,gather,collected,collected,such,such,treatment,treatment,medical,medical,such,such,other,other,will,will,number,number,contact,contact,study,study,relevant,relevant,is,is,and,and,of,of,and,and,have,have,identifies,identifies,who,who,to,to,process,process,or,or,process,process,invitation,invitation,when,when,to,to,we,we,how,how,treatment,treatment,find,find,and,and,0,0
70,70,sre38,sre38,4,4,are,are,will,will,but,but,data,data,as,as,will,will,data,data,we,we,you,you,data,data,longer,longer,aren't,aren't,of,of,by,by,Data,Data,"unclear to reader","unclear to reader",research,research,domain,domain,conducted,conducted,data,data,which,which,the,the,trials,trials,NHS,NHS,named,named,for,for,the,the,will,will,that,that,staff,staff,to,to,collect,collect,are,are,would,would,but,but,permission,permission,information,information,to,to,data,data,we,we,you,you,information,information,longer,longer,is,is,of,of,in,in,data,data,and,and,archiving,archiving,interest,interest,pruposes,pruposes,information,information,that,that,the,the,and,and,medical,medical,such,such,and,and,the,the,will,will,that,that,people,people,to,to,process,process,0,0
71,71,sre319,sre319,3,3,as,as,will,will,locked,locked,on,on,password,password,to,to,of,of,"information sheet","information sheet",take,take,and,and,"research team","research team",post,post,the,the,the,the,"to ","to ",please,please,and,and,"research team","research team",post,post,University,University,envelope,envelope,you,you,taking,taking,however,however,study,study,to,to,for,for,able,able,and,and,many,many,who,who,severities?,severities?,as,as,will,will,locked,locked,on,on,password,password,by,by,of,of,information,information,take,take,and,and,researcher,researcher,send,send,the,the,the,the,to,to,please,please,and,and,researcher,researcher,send,send,university,university,envelop,envelop,you,you,taking,taking,but,but,study,study,further,further,for,for,able,able,but,but,to,to,who,who,treatments,treatments,0,0
72,72,sre319,sre319,4,4,are,are,will,will,we,we,data,data,"that you ","that you ",we,we,information,information,we,we,you,you,data,data,longer,longer,is,is,of,of,in,in,Data,Data,"(not sure)","(not sure)",the,the,"(not sure)","(not sure)",undertaken,undertaken,data,data,which,which,the,the,or,or,medical,medical,such,such,or,or,the,the,will,will,and,and,those,those,to,to,view,view,are,are,would,would,but,but,permission,permission,information,information,to,to,data,data,we,we,you,you,information,information,longer,longer,is,is,of,of,in,in,data,data,and,and,archiving,archiving,interest,interest,pruposes,pruposes,information,information,that,that,the,the,and,and,medical,medical,such,such,and,and,the,the,will,will,that,that,people,people,to,to,process,process,0,0
73,73,sre315,sre315,3,3,as,as,will,will,different,different,in,in,with,with,for,for,"by the","by the",leaflet,leaflet,form,form,provided,provided,"research team","research team",return,return,members,members,"form of","form of",to,to,please,please,and,and,"research team","research team",return,return,members,members,"that was","that was",you,you,take,take,so,so,study,study,know,know,for,for,autirized,autirized,but,but,with,with,that,that,types,types,as,as,will,will,locked,locked,on,on,password,password,by,by,of,of,information,information,take,take,and,and,researcher,researcher,send,send,the,the,the,the,to,to,please,please,and,and,researcher,researcher,send,send,university,university,envelop,envelop,you,you,taking,taking,but,but,study,study,further,further,for,for,able,able,but,but,to,to,who,who,treatments,treatments,0,0
74,74,sre315,sre315,4,4,are,are,can,can,you,you,treament,treament,"the information","the information",to,to,treament,treament,if,if,you,you,"the information","the information","have a follow-up","have a follow-up",developed,developed,of,of,of,of,Data,Data,"in the","in the",the,the,interest,interest,under,under,information,information,research,research,the,the,routine,routine,task,task,clinics,clinics,and,and,the,the,will,will,and,and,people,people,to,to,process,process,are,are,would,would,but,but,permission,permission,information,information,to,to,data,data,we,we,you,you,information,information,longer,longer,is,is,of,of,in,in,data,data,and,and,archiving,archiving,interest,interest,pruposes,pruposes,information,information,that,that,the,the,and,and,medical,medical,such,such,and,and,the,the,will,will,that,that,people,people,to,to,process,process,0,0
75,75,sre312,sre312,2,2,to,to,gather,gather,collected,collected,such,such,treatment,treatment,medical,medical,such,such,other,other,will,will,number,number,contact,contact,study,study,relevant,relevant,is,is,and,and,of,of,and,and,have,have,identifies,identifies,who,who,to,to,process,process,or,or,process,process,invitation,invitation,when,when,to,to,we,we,how,how,treatment,treatment,find,find,and,and,to,to,gather,gather,collected,collected,such,such,treatment,treatment,medical,medical,such,such,other,other,will,will,number,number,contact,contact,study,study,relevant,relevant,is,is,and,and,of,of,and,and,have,have,identifies,identifies,who,who,to,to,process,process,or,or,process,process,invitation,invitation,when,when,to,to,we,we,how,how,treatment,treatment,find,find,and,and,0,0
76,76,,,,,,,,,,,,,,,,,,,,,,,,,,,,,,,,,,,,,,,,,,,,,,,,,,,,,,,,,,,,,,,,,,,,,,,,,,,,,,,,,,,,,,,,,,,,,,,,,,,,,,,,,,,,,,,,,,,,,,,,,,,,,,,,,,,,,1,1
77,77,sre312,sre312,1,1,or,or,randomised,randomised,routine,routine,for,for,with,with,Chief,Chief,that,that,a,a,you,you,you,you,to,to,sputum,sputum,up,up,about,about,for,for,signs,signs,and,and,illness,illness,like,like,a,a,viruses,viruses,have,have,a,a,ability,ability,research,research,any,any,then,then,get,get,close,close,would,would,we,we,you,you,or,or,randomised,randomised,routine,routine,for,for,with,with,chief,chief,that,that,a,a,you,you,you,you,to,to,sputum,sputum,up,up,about,about,for,for,signs,signs,consistent,consistent,illness,illness,like,like,a,a,viruses,viruses,have,have,a,a,ability,ability,research,research,any,any,then,then,get,get,close,close,would,would,we,we,you,you,0,0
78,78,v,v,1,1,1,1,2,2,3,3,4,4,5,5,6,6,7,7,8,8,9,9,10,10,11,11,12,12,13,13,14,14,15,15,16,16,17,17,18,18,19,19,20,20,21,21,22,22,23,23,24,24,25,25,26,26,27,27,28,28,29,29,30,30,31,31,32,32,or,or,randomised,randomised,routine,routine,for,for,with,with,chief,chief,that,that,a,a,you,you,you,you,to,to,sputum,sputum,up,up,about,about,for,for,signs,signs,consistent,consistent,illness,illness,like,like,a,a,viruses,viruses,have,have,a,a,ability,ability,research,research,any,any,then,then,get,get,close,close,would,would,we,we,you,you,1,1
79,79,jeremy,jeremy,1,1,or,or,randomised,randomised,new,new,for,for,with,with,study,study,that,that,influenza,influenza,you,you,you,you,to,to,sputum,sputum,up,up,just,just,for,for,features,features,associated,associated,syndrome,syndrome,like,like,a,a,viruses,viruses,have,have,a,a,capacity,capacity,study,study,any,any,then,then,seek,seek,close,close,will,will,we,we,you,you,or,or,randomised,randomised,routine,routine,for,for,with,with,chief,chief,that,that,a,a,you,you,you,you,to,to,sputum,sputum,up,up,about,about,for,for,signs,signs,consistent,consistent,illness,illness,like,like,a,a,viruses,viruses,have,have,a,a,ability,ability,research,research,any,any,then,then,get,get,close,close,would,would,we,we,you,you,0,0
80,80,sre312,sre312,2,2,to,to,get,get,collected,collected,such,such,treatment&quot;,treatment&quot;,medical,medical,such,such,other,other,will,will,number,number,contact,contact,study,study,relevant,relevant,is,is,and,and,of,of,and,and,have,have,identifies,identifies,who,who,to,to,process,process,or,or,process,process," invitation"," invitation",when,when,to,to,we,we,how,how,treatment,treatment,find,find,and,and,to,to,gather,gather,collected,collected,such,such,treatment,treatment,medical,medical,such,such,other,other,will,will,number,number,contact,contact,study,study,relevant,relevant,is,is,and,and,of,of,and,and,have,have,identifies,identifies,who,who,to,to,process,process,or,or,process,process,invitation,invitation,when,when,to,to,we,we,how,how,treatment,treatment,find,find,and,and,0,0
81,81,sre312,sre312,3,3,as,as,will,will,locked,locked,on,on,password,password,by,by,of,of,information,information,take,take,and,and," researcher"," researcher",send,send,the,the,the,the,to,to,please,please,and,and,researcher,researcher,send,send,University,University,envelope,envelope,you,you,taking,taking,but,but,study,study,follow,follow,for,for,able,able,but,but,to,to,who,who,treatments,treatments,as,as,will,will,locked,locked,on,on,password,password,by,by,of,of,information,information,take,take,and,and,researcher,researcher,send,send,the,the,the,the,to,to,please,please,and,and,researcher,researcher,send,send,university,university,envelop,envelop,you,you,taking,taking,but,but,study,study,further,further,for,for,able,able,but,but,to,to,who,who,treatments,treatments,0,0
82,82,sre312,sre312,4,4,are,are,would,would,but,but,permission,permission,information,information,to,to,data,data,we,we,you,you,information,information,longer,longer,is,is,of,of,in,in,Data,Data,and,and,archiving,archiving,interest,interest,purposes,purposes,information,information,that,that,the,the,and,and,medical,medical,such,such,and,and,the,the,will,will,that,that,people,people,to,to,process,process,are,are,would,would,but,but,permission,permission,information,information,to,to,data,data,we,we,you,you,information,information,longer,longer,is,is,of,of,in,in,data,data,and,and,archiving,archiving,interest,interest,pruposes,pruposes,information,information,that,that,the,the,and,and,medical,medical,such,such,and,and,the,the,will,will,that,that,people,people,to,to,process,process,0,0
83,83,sre321,sre321,1,1,limited,limited,will,will,routine,routine,for,for,with,with,Chief,Chief,that,that,a,a,you,you,you,you,to,to,study,study,and,and,about,about,for,for,signs,signs,and,and,illness,illness,like,like,a,a,viruses,viruses,have,have,a,a,ability,ability,study,study,any,any,then,then,get,get,close,close,would,would,we,we,you,you,or,or,randomised,randomised,routine,routine,for,for,with,with,Chief,Chief,that,that,a,a,you,you,you,you,to,to,sputum,sputum,up,up,about,about,for,for,signs,signs,consistent,consistent,illness,illness,like,like,a,a,viruses,viruses,have,have,a,a,ability,ability,research,research,any,any,then,then,get,get,close,close,would,would,we,we,you,you,0,0
84,84,sre321,sre321,2,2,or,or,have,have,routine,routine,for,for,with,with,medical,medical,that,that,a,a,you,you,ask,ask," researcher"," researcher",study,study,your,your,about,about,for,for,signs,signs,and,and,illness,illness,like,like,a,a,viruses,viruses,have,have,a,a,ability,ability,study,study,any,any,then,then,get,get,close,close,treatment,treatment,find,find,process,process,to,to,gather,gather,collected,collected,such,such,treatment,treatment,medical,medical,such,such,other,other,will,will,number,number,contact,contact,study,study,relevant,relevant,is,is,and,and,of,of,and,and,have,have,identifies,identifies,who,who,to,to,process,process,or,or,process,process,invitation,invitation,when,when,to,to,we,we,how,how,treatment,treatment,find,find,and,and,0,0
85,85,sre321,sre321,3,3,as,as,will,will,different,different,for,for,treatment,treatment,for,for,of,of,leaflet,leaflet,take,take,and,and," researcher"," researcher",return,return,the,the,the,the,for,for,please,please,and,and,researcher,researcher,return,return,University,University,envelope,envelope,you,you,take,take,task,task,study,study,have,have,for,for,get,get,and,and,with,with,we,we,types,types,as,as,will,will,locked,locked,on,on,password,password,by,by,of,of,information,information,take,take,and,and,researcher,researcher,send,send,the,the,the,the,to,to,please,please,and,and,researcher,researcher,send,send,University,University,envelope,envelope,you,you,taking,taking,but,but,study,study,further,further,for,for,able,able,but,but,to,to,who,who,treatments,treatments,0,0
86,86,sre321,sre321,4,4,are,are,have,have,you,you,treament,treament,treatment,treatment,clinical,clinical,that,that,if,if,you,you,provided,provided,contact,contact,developed,developed,up,up,about,about,Data,Data,of,of,consistent,consistent,interest,interest,under,under,University,University,research,research,the,the,routine,routine,so,so,study,study,and,and,the,the,will,will,that,that,to,to,to,to,process,process,are,are,would,would,but,but,permission,permission,information,information,to,to,data,data,we,we,you,you,information,information,longer,longer,is,is,of,of,in,in,Data,Data,and,and,archiving,archiving,interest,interest,purposes,purposes,information,information,that,that,the,the,and,and,medical,medical,such,such,and,and,the,the,will,will,that,that,people,people,to,to,process,process,0,0
87,87,sre323,sre323,1,1,or,or,will,will,routine,routine,for,for,with,with,Chief,Chief,that,that,a,a,you,you,you,you,to,to,study,study,up,up,about,about,for,for,signs,signs,and,and,illness,illness,like,like,a,a,viruses,viruses,be,be,a,a,ability,ability,study,study,any,any,then,then,get,get,close,close,would,would,we,we,you,you,or,or,randomised,randomised,routine,routine,for,for,with,with,Chief,Chief,that,that,a,a,you,you,you,you,to,to,sputum,sputum,up,up,about,about,for,for,signs,signs,consistent,consistent,illness,illness,like,like,a,a,viruses,viruses,have,have,a,a,ability,ability,research,research,any,any,then,then,get,get,close,close,would,would,we,we,you,you,0,0
88,88,sre323,sre323,2,2,to,to,randomised,randomised,different,different,treament,treament,treatment,treatment,medical,medical,such,such,the,the,will,will,number,number,contact,contact,study,study,your,your,is,is,for,for,of,of,and,and,interest,interest,identifies,identifies,who,who,to,to,process,process,or,or,process,process,study,study,any,any,then,then,we,we,more,more,treatment,treatment,find,find,process,process,to,to,gather,gather,collected,collected,such,such,treatment,treatment,medical,medical,such,such,other,other,will,will,number,number,contact,contact,study,study,relevant,relevant,is,is,and,and,of,of,and,and,have,have,identifies,identifies,who,who,to,to,process,process,or,or,process,process,invitation,invitation,when,when,to,to,we,we,how,how,treatment,treatment,find,find,and,and,0,0
89,89,sre323,sre323,3,3,as,as,will,will,different,different,treament,treament,with,with,medical,medical,of,of,leaflet,leaflet,take,take,provided,provided," researcher"," researcher",return,return,the,the,the,the,for,for,signs,signs,and,and,researcher,researcher,return,return,University,University,envelope,envelope,you,you,take,take,ability,ability,study,study,know,know,for,for,get,get,but,but,people,people,that,that,experiencess,experiencess,as,as,will,will,locked,locked,on,on,password,password,by,by,of,of,information,information,take,take,and,and,researcher,researcher,send,send,the,the,the,the,to,to,please,please,and,and,researcher,researcher,send,send,University,University,envelope,envelope,you,you,taking,taking,but,but,study,study,further,further,for,for,able,able,but,but,to,to,who,who,treatments,treatments,0,0
90,90,sre323,sre323,4,4,are,are,can,can,you,you,treament,treament,the,the,medical,medical,treament,treament,a,a,you,you,you,you,to,to,study,study,up,up,about,about,Data,Data,and,and,the,the,interest,interest,under,under,a,a,research,research,the,the,routine,routine,process,process,clinics,clinics,and,and,the,the,will,will,that,that,record,record,to,to,process,process,are,are,would,would,but,but,permission,permission,information,information,to,to,data,data,we,we,you,you,information,information,longer,longer,is,is,of,of,in,in,Data,Data,and,and,archiving,archiving,interest,interest,purposes,purposes,information,information,that,that,the,the,and,and,medical,medical,such,such,and,and,the,the,will,will,that,that,people,people,to,to,process,process,0,0
91,91,sre324,sre324,1,1,limited,limited,randomised,randomised,routine,routine,for,for,with,with,By,By,that,that,a,a,you,you,you,you,to,to,study,study,up,up,about,about,for,for,signs,signs,and,and,illness,illness,like,like,a,a,viruses,viruses,have,have,a,a,ability,ability,research,research,any,any,then,then,get,get,close,close,would,would,we,we,process,process,or,or,randomised,randomised,routine,routine,for,for,with,with,Chief,Chief,that,that,a,a,you,you,you,you,to,to,sputum,sputum,up,up,about,about,for,for,signs,signs,consistent,consistent,illness,illness,like,like,a,a,viruses,viruses,have,have,a,a,ability,ability,research,research,any,any,then,then,get,get,close,close,would,would,we,we,you,you,0,0
92,92,sre324,sre324,2,2,to,to,have,have,collected,collected,for,for,the,the,medical,medical,such,such,the,the,will,will,number,number,contact,contact,study,study,your,your,is,is,and,and,signs,signs,and,and,can,can,identifies,identifies,who,who,to,to,process,process,or,or,process,process,study,study,and,and,to,to,we,we,how,how,treatment,treatment,find,find,process,process,to,to,gather,gather,collected,collected,such,such,treatment,treatment,medical,medical,such,such,other,other,will,will,number,number,contact,contact,study,study,relevant,relevant,is,is,and,and,of,of,and,and,have,have,identifies,identifies,who,who,to,to,process,process,or,or,process,process,invitation,invitation,when,when,to,to,we,we,how,how,treatment,treatment,find,find,and,and,0,0
93,93,sre324,sre324,3,3,as,as,will,will,different,different,in,in,treatment,treatment,for,for,of,of,leaflet,leaflet,take,take,and,and," researcher"," researcher",return,return,the,the,the,the,for,for,signs,signs,and,and,researcher,researcher,return,return,University,University,envelope,envelope,you,you,take,take,so,so,research,research,know,know,for,for,autirized,autirized,but,but,with,with,that,that,types,types,as,as,will,will,locked,locked,on,on,password,password,by,by,of,of,information,information,take,take,and,and,researcher,researcher,send,send,the,the,the,the,to,to,please,please,and,and,researcher,researcher,send,send,University,University,envelope,envelope,you,you,taking,taking,but,but,study,study,further,further,for,for,able,able,but,but,to,to,who,who,treatments,treatments,0,0
94,94,sre324,sre324,4,4,are,are,will,will,we,we,treament,treament,the,the,medical,medical,treament,treament,other,other,you,you,you,you,contact,contact,study,study,up,up,about,about,Data,Data,of,of,the,the,interest,interest,identifies,identifies,University,University,research,research,the,the,routine,routine,process,process,study,study,and,and,the,the,will,will,that,that,with,with,to,to,process,process,are,are,would,would,but,but,permission,permission,information,information,to,to,data,data,we,we,you,you,information,information,longer,longer,is,is,of,of,in,in,Data,Data,and,and,archiving,archiving,interest,interest,purposes,purposes,information,information,that,that,the,the,and,and,medical,medical,such,such,and,and,the,the,will,will,that,that,people,people,to,to,process,process,0,0
95,95,sre322,sre322,1,1,,,,,,,,,,,,,which,which,a,a,confiadly,confiadly,your,your,needed,needed,,,frequently,frequently,,,,,diagnosis,diagnosis,infection,infection,case,case,cite,cite,a,a,diseases,diseases,detected,detected,a,a,right,right,medic,medic,decision,decision,then,then,obtain,obtain,near,near,will,will,us,us,to,to,or,or,randomised,randomised,routine,routine,for,for,with,with,Chief,Chief,that,that,a,a,you,you,you,you,to,to,sputum,sputum,up,up,about,about,for,for,signs,signs,consistent,consistent,illness,illness,like,like,a,a,viruses,viruses,have,have,a,a,ability,ability,research,research,any,any,then,then,get,get,close,close,would,would,we,we,you,you,0,0
96,96,sre322,sre322,2,2,,,,,,,futher,futher,physical,physical,,,,,,,would,would,,,,,team,team,,,,,,,,,and,and,have,have,,,,,to,to,,,,,,,,,,,,,,,,,,,,,,,to,to,gather,gather,collected,collected,such,such,treatment,treatment,medical,medical,such,such,other,other,will,will,number,number,contact,contact,study,study,relevant,relevant,is,is,and,and,of,of,and,and,have,have,identifies,identifies,who,who,to,to,process,process,or,or,process,process,invitation,invitation,when,when,to,to,we,we,how,how,treatment,treatment,find,find,and,and,0,0
97,97,sre322,sre322,3,3,as,as,,,,,,,,,by,by,of,of,leaflet,leaflet,take,take,and,and,,,,,the,the,the,the,to,to,please,please,and,and,,,,,University,University,envelope,envelope,,,take,take,,,,,,,,,,,,,,,,,,,as,as,will,will,locked,locked,on,on,password,password,by,by,of,of,information,information,take,take,and,and,researcher,researcher,send,send,the,the,the,the,to,to,please,please,and,and,researcher,researcher,send,send,University,University,envelope,envelope,you,you,taking,taking,but,but,study,study,further,further,for,for,able,able,but,but,to,to,who,who,treatments,treatments,0,0
98,98,sre326,sre326,1,1,,,,,,,,,,,,,,,,,,,,,,,,,,,,,,,,,,,,,,,,,,,,,,,,,,,,,,,,,,,,,,,,,or,or,randomised,randomised,routine,routine,for,for,with,with,Chief,Chief,that,that,a,a,you,you,you,you,to,to,sputum,sputum,up,up,about,about,for,for,signs,signs,consistent,consistent,illness,illness,like,like,a,a,viruses,viruses,have,have,a,a,ability,ability,research,research,any,any,then,then,get,get,close,close,would,would,we,we,you,you,0,0
99,99,,,,,,,,,,,,,,,,,,,,,,,,,,,,,,,,,,,,,,,,,,,,,,,,,,,,,,,,,,,,,,,,,,,,,,,,,,,,,,,,,,,,,,,,,,,,,,,,,,,,,,,,,,,,,,,,,,,,,,,,,,,,,,,,,,,,,0,0
100,100,sre326,sre326,1,1,,,,,,,,,,,,,,,,,,,,,,,,,,,,,,,,,,,,,,,,,,,,,,,,,,,,,,,,,,,,,,,,,or,or,randomised,randomised,routine,routine,for,for,with,with,Chief,Chief,that,that,a,a,you,you,you,you,to,to,sputum,sputum,up,up,about,about,for,for,signs,signs,consistent,consistent,illness,illness,like,like,a,a,viruses,viruses,have,have,a,a,ability,ability,research,research,any,any,then,then,get,get,close,close,would,would,we,we,you,you,0,0
101,101,sre326,sre326,1,1,,,,,,,,,,,,,,,,,,,,,,,,,,,,,,,,,,,,,,,,,,,,,,,,,,,,,,,,,,,,,,,,,or,or,randomised,randomised,routine,routine,for,for,with,with,Chief,Chief,that,that,a,a,you,you,you,you,to,to,sputum,sputum,up,up,about,about,for,for,signs,signs,consistent,consistent,illness,illness,like,like,a,a,viruses,viruses,have,have,a,a,ability,ability,research,research,any,any,then,then,get,get,close,close,would,would,we,we,you,you,0,0
102,102,sre28,sre28,1,1,1,1,2,2,3,3,4,4,5,5,,,,,,,,,,,,,,,,,,,,,,,,,,,,,,,,,,,,,,,,,,,,,28,28,29,29,30,30,31,31,32,32,or,or,randomised,randomised,routine,routine,for,for,with,with,Chief,Chief,that,that,a,a,you,you,you,you,to,to,sputum,sputum,up,up,about,about,for,for,signs,signs,consistent,consistent,illness,illness,like,like,a,a,viruses,viruses,have,have,a,a,ability,ability,research,research,any,any,then,then,get,get,close,close,would,would,we,we,you,you,0,0
103,103,a,a,1,1,,,,,,,,,,,,,,,,,,,,,,,,,,,,,,,,,,,,,,,,,,,,,,,,,,,,,,,,,,,,,,,,,or,or,randomised,randomised,routine,routine,for,for,with,with,Chief,Chief,that,that,a,a,you,you,you,you,to,to,sputum,sputum,up,up,about,about,for,for,signs,signs,consistent,consistent,illness,illness,like,like,a,a,viruses,viruses,have,have,a,a,ability,ability,research,research,any,any,then,then,get,get,close,close,would,would,we,we,you,you,0,0
104,104,a,a,1,1,,,,,,,,,,,,,,,,,,,,,,,,,,,,,,,,,,,,,,,,,,,,,,,,,,,,,,,,,,,,,,,,,or,or,randomised,randomised,routine,routine,for,for,with,with,Chief,Chief,that,that,a,a,you,you,you,you,to,to,sputum,sputum,up,up,about,about,for,for,signs,signs,consistent,consistent,illness,illness,like,like,a,a,viruses,viruses,have,have,a,a,ability,ability,research,research,any,any,then,then,get,get,close,close,would,would,we,we,you,you,0,0
105,105,A23NIUKMYWIF8Y,A23NIUKMYWIF8Y,1,1,,,,,,,,,,,,,,,,,,,,,,,,,,,,,,,,,,,,,,,,,,,,,,,,,,,,,,,,,,,,,,,,,or,or,randomised,randomised,routine,routine,for,for,with,with,Chief,Chief,that,that,a,a,you,you,you,you,to,to,sputum,sputum,up,up,about,about,for,for,signs,signs,consistent,consistent,illness,illness,like,like,a,a,viruses,viruses,have,have,a,a,ability,ability,research,research,any,any,then,then,get,get,close,close,would,would,we,we,you,you,0,0
106,106,A2R2VPLX22ZSFF,A2R2VPLX22ZSFF,1,1,,,,,,,,,,,,,,,,,,,,,,,,,,,,,,,,,,,,,,,,,,,,,,,,,,,,,,,,,,,,,,,,,or,or,randomised,randomised,routine,routine,for,for,with,with,Chief,Chief,that,that,a,a,you,you,you,you,to,to,sputum,sputum,up,up,about,about,for,for,signs,signs,consistent,consistent,illness,illness,like,like,a,a,viruses,viruses,have,have,a,a,ability,ability,research,research,any,any,then,then,get,get,close,close,would,would,we,we,you,you,0,0
107,107,A1M6R096JU7XRA,A1M6R096JU7XRA,1,1,,,,,,,,,,,,,,,,,,,,,,,,,,,,,,,,,,,,,,,,,,,,,,,,,,,,,,,,,,,,,,,,,or,or,randomised,randomised,routine,routine,for,for,with,with,Chief,Chief,that,that,a,a,you,you,you,you,to,to,sputum,sputum,up,up,about,about,for,for,signs,signs,consistent,consistent,illness,illness,like,like,a,a,viruses,viruses,have,have,a,a,ability,ability,research,research,any,any,then,then,get,get,close,close,would,would,we,we,you,you,0,0
108,108,A3CL8BIXGO8JAC,A3CL8BIXGO8JAC,1,1,,,,,,,,,,,,,,,,,,,,,,,,,,,,,,,,,,,,,,,,,,,,,,,,,,,,,,,,,,,,,,,,,or,or,randomised,randomised,routine,routine,for,for,with,with,Chief,Chief,that,that,a,a,you,you,you,you,to,to,sputum,sputum,up,up,about,about,for,for,signs,signs,consistent,consistent,illness,illness,like,like,a,a,viruses,viruses,have,have,a,a,ability,ability,research,research,any,any,then,then,get,get,close,close,would,would,we,we,you,you,0,0
109,109,A143CSYPJV50HW,A143CSYPJV50HW,1,1,,,,,,,,,,,,,,,,,,,,,,,,,,,,,,,,,,,,,,,,,,,,,,,,,,,,,,,,,,,,,,,,,or,or,randomised,randomised,routine,routine,for,for,with,with,Chief,Chief,that,that,a,a,you,you,you,you,to,to,sputum,sputum,up,up,about,about,for,for,signs,signs,consistent,consistent,illness,illness,like,like,a,a,viruses,viruses,have,have,a,a,ability,ability,research,research,any,any,then,then,get,get,close,close,would,would,we,we,you,you,0,0
110,110,A3PIBGJHHSSYKF,A3PIBGJHHSSYKF,1,1,,,,,,,,,,,,,,,,,,,,,,,,,,,,,,,,,,,,,,,,,,,,,,,,,,,,,,,,,,,,,,,,,or,or,randomised,randomised,routine,routine,for,for,with,with,Chief,Chief,that,that,a,a,you,you,you,you,to,to,sputum,sputum,up,up,about,about,for,for,signs,signs,consistent,consistent,illness,illness,like,like,a,a,viruses,viruses,have,have,a,a,ability,ability,research,research,any,any,then,then,get,get,close,close,would,would,we,we,you,you,0,0
111,111,A16QZJ5IDIHYUK,A16QZJ5IDIHYUK,1,1,lungs,lungs,lungs,lungs,test,test,for,for,cases,cases,influenza,influenza,taken,taken,the,the,you,you,you,you,to,to,mouth,mouth,phlegm,phlegm,about,about,and,and,results,results,matched,matched,disease,disease,like,like,a,a,illneses,illneses,have,have,testing,testing,will,will,care,care,even,even,then,then,gain,gain,close,close,would,would,we,we,fully,fully,or,or,randomised,randomised,routine,routine,for,for,with,with,Chief,Chief,that,that,a,a,you,you,you,you,to,to,sputum,sputum,up,up,about,about,for,for,signs,signs,consistent,consistent,illness,illness,like,like,a,a,viruses,viruses,have,have,a,a,ability,ability,research,research,any,any,then,then,get,get,close,close,would,would,we,we,you,you,0,0
112,112,A2O7LF9FQI73ZY,A2O7LF9FQI73ZY,1,1,,,,,,,,,,,,,,,,,,,,,,,,,,,,,,,,,,,,,,,,,,,,,,,,,,,,,,,,,,,,,,,,,or,or,randomised,randomised,routine,routine,for,for,with,with,Chief,Chief,that,that,a,a,you,you,you,you,to,to,sputum,sputum,up,up,about,about,for,for,signs,signs,consistent,consistent,illness,illness,like,like,a,a,viruses,viruses,have,have,a,a,ability,ability,research,research,any,any,then,then,get,get,close,close,would,would,we,we,you,you,0,0
113,113,A3CHJ1MNTFH6K3,A3CHJ1MNTFH6K3,1,1,body,body,sex,sex,leg,leg,youth,youth,medicine,medicine,yes,yes,a,a,a,a,a,a,you,you,a,a,o,o,a,a,a,a,i,i,were,were,like,like,a,a,like,like,the,the,a,a,yes,yes,kike,kike,energy,energy,work,work,a,a,a,a,a,a,a,a,a,a,a,a,a,a,or,or,randomised,randomised,routine,routine,for,for,with,with,Chief,Chief,that,that,a,a,you,you,you,you,to,to,sputum,sputum,up,up,about,about,for,for,signs,signs,consistent,consistent,illness,illness,like,like,a,a,viruses,viruses,have,have,a,a,ability,ability,research,research,any,any,then,then,get,get,close,close,would,would,we,we,you,you,0,0
114,114,A17VJ00S5DQGS4,A17VJ00S5DQGS4,1,1,,,,,,,,,,,,,,,,,,,,,,,,,,,,,,,,,,,,,,,,,,,,,,,,,,,,,,,,,,,,,,,,,or,or,randomised,randomised,routine,routine,for,for,with,with,Chief,Chief,that,that,a,a,you,you,you,you,to,to,sputum,sputum,up,up,about,about,for,for,signs,signs,consistent,consistent,illness,illness,like,like,a,a,viruses,viruses,have,have,a,a,ability,ability,research,research,any,any,then,then,get,get,close,close,would,would,we,we,you,you,0,0
115,115,A1F1XTAZQAVNAI,A1F1XTAZQAVNAI,1,1,,,,,,,,,,,,,,,,,,,,,,,,,,,,,,,,,,,,,,,,,,,,,,,,,,,,,,,,,,,,,,,,,or,or,randomised,randomised,routine,routine,for,for,with,with,Chief,Chief,that,that,a,a,you,you,you,you,to,to,sputum,sputum,up,up,about,about,for,for,signs,signs,consistent,consistent,illness,illness,like,like,a,a,viruses,viruses,have,have,a,a,ability,ability,research,research,any,any,then,then,get,get,close,close,would,would,we,we,you,you,0,0
116,116,A1X8UBJ3IA1T1,A1X8UBJ3IA1T1,1,1,loss,loss,,,,,,,with,with,,,which,which,influenza,influenza,you,you,you,you,to,to,and,and,up,up,about,about,for,for,signs,signs,associated,associated,illness,illness,want,want,a,a,illnesses,illnesses,have,have,a,a,capacity,capacity,clinical,clinical,some,some,then,then,gain,gain,close,close,would,would,we,we,you're,you're,or,or,randomised,randomised,routine,routine,for,for,with,with,Chief,Chief,that,that,a,a,you,you,you,you,to,to,sputum,sputum,up,up,about,about,for,for,signs,signs,consistent,consistent,illness,illness,like,like,a,a,viruses,viruses,have,have,a,a,ability,ability,research,research,any,any,then,then,get,get,close,close,would,would,we,we,you,you,0,0
117,117,A33UFT5HSU412H,A33UFT5HSU412H,1,1,,,,,,,,,,,,,,,,,,,,,,,,,,,,,,,,,,,,,,,,,,,,,,,,,,,,,,,,,,,,,,,,,or,or,randomised,randomised,routine,routine,for,for,with,with,Chief,Chief,that,that,a,a,you,you,you,you,to,to,sputum,sputum,up,up,about,about,for,for,signs,signs,consistent,consistent,illness,illness,like,like,a,a,viruses,viruses,have,have,a,a,ability,ability,research,research,any,any,then,then,get,get,close,close,would,would,we,we,you,you,0,0
118,118,A3Q4QMSBUWLKCT,A3Q4QMSBUWLKCT,1,1,,,,,,,,,,,,,,,,,,,,,,,,,,,,,,,,,,,,,,,,,,,,,,,,,,,,,,,,,,,,,,,,,or,or,randomised,randomised,routine,routine,for,for,with,with,Chief,Chief,that,that,a,a,you,you,you,you,to,to,sputum,sputum,up,up,about,about,for,for,signs,signs,consistent,consistent,illness,illness,like,like,a,a,viruses,viruses,have,have,a,a,ability,ability,research,research,any,any,then,then,get,get,close,close,would,would,we,we,you,you,0,0
119,119,,,,,,,,,,,,,,,,,,,,,,,,,,,,,,,,,,,,,,,,,,,,,,,,,,,,,,,,,,,,,,,,,,,,,,,,,,,,,,,,,,,,,,,,,,,,,,,,,,,,,,,,,,,,,,,,,,,,,,,,,,,,,,,,,,,,,0,0
</tbody></table>