id,0,idReviewer,1,idLeaflet,2,assocText,3,emotionVector,4,idParagraph,5,comment,6,reasonVector,7,topicVector,8,otherReason,9,otherTopic,10,otherEmotion,11,nltkNeg,12,nltkNeu,13,nltkPos,14,nltkLab,15
1,1,fss1g15,fss1g15,,,"Day hospitals","Day hospitals",00000000,00000000,p2,p2,"What is a day hospital","What is a day hospital",100,100,00000100,00000100,,,,,,,,,,,,,,
2,2,fss1g15,fss1g15,,,"PO Box 1365","PO Box 1365",00100000000,00100000000,p3,p3,"Give a link for the electronic source","Give a link for the electronic source",100,100,00000100,00000100,,,,,,,,,,,,,,
3,3,fgh,fgh,,,CERES,CERES,00000000000,00000000000,p3,p3,a1,a1,000,000,00000000,00000000,,,,,,,,,,,,,,
4,4,fgh,fgh,,,CERES,CERES,00000000000,00000000000,p3,p3,a1,a1,000,000,00000000,00000000,,,,,,,,,,,,,,
5,5,bethan,bethan,,,"Invitation to participate in the above study ","Invitation to participate in the above study ",00000000001,00000000001,p3,p3,"Make headings and questions clearer (e.g. underline or bold)","Make headings and questions clearer (e.g. underline or bold)",010,010,00000001,00000001,,,,,,,,,,,,,,
6,6,,,,,,,00000000000,00000000000,,,,,000,000,00000000,00000000,,,,,,,,,,,,,,
7,7,SDF54,SDF54,ES01,ES01,research,research,,,4,4,"explain the meaning of research","explain the meaning of research",,,,,,,,,,,0.408,0.408,0.809,0.809,0.591,0.591,neu,neu
8,8,SDF54,SDF54,ES01,ES01,rehabilitation,rehabilitation,,,8,8,"explain the meaning of rehabilitation","explain the meaning of rehabilitation",,,,,,,,,,,0.408,0.408,0.786,0.786,0.591,0.591,neu,neu
9,9,SDF54,SDF54,ES01,ES01,randomised,randomised,,,8,8,"what does randomised means?","what does randomised means?",,,,,,,,,,,0.503,0.503,0.498,0.498,0.496,0.496,neg,neg
10,10,SDF54,SDF54,ES01,ES01,randomly,randomly,,,8,8,"what randomly means?","what randomly means?",,,,,,,,,,,0.405,0.405,0.592,0.592,0.594,0.594,neu,neu
11,11,SDF54,SDF54,ES01,ES01,"free to withdraw at any time","free to withdraw at any time",,,13,13,"clarify withdraw","clarify withdraw",,,,,,,,,,,0.509,0.509,0.522,0.522,0.490,0.490,neu,neu
12,12,SDF54,SDF54,ES01,ES01,researcher,researcher,,,15,15,"what does researcher actuall mean?","what does researcher actuall mean?",,,,,,,,,,,0.632,0.632,0.272,0.272,0.367,0.367,neg,neg
13,13,SDF54,SDF54,ES01,ES01,analyse,analyse,,,27,27,"what does analyse mean?","what does analyse mean?",,,,,,,,,,,0.632,0.632,0.272,0.272,0.367,0.367,neg,neg
14,14,SDF54,SDF54,ES01,ES01,"future policy development","future policy development",,,35,35,"explain -future polic development-","explain -future polic development-",,,,,,,,,,,0.479,0.479,0.763,0.763,0.520,0.520,neu,neu
15,15,SDF54,SDF54,KS01,KS01,"randomly allocated","randomly allocated",,,61,61,"explain -randomly allocated-","explain -randomly allocated-",,,,,,,,,,,0.468,0.468,0.751,0.751,0.531,0.531,neu,neu
16,16,SDF54,SDF54,KS01,KS01,"appropriate agencies","appropriate agencies",,,74,74,"who are the appropiate agencies?","who are the appropiate agencies?",,,,,,,,,,,0.430,0.430,0.836,0.836,0.569,0.569,neu,neu
17,17,SDF54,SDF54,VS01,VS01,"ultrasound scanners","ultrasound scanners",,,84,84,"what is an ultrasound scanner?","what is an ultrasound scanner?",,,,,,,,,,,0.450,0.450,0.475,0.475,0.549,0.549,pos,pos
18,18,SDF54,SDF54,VS01,VS01,"process of random allocation","process of random allocation",,,85,85,"explain the process of random allocation","explain the process of random allocation",,,,,,,,,,,0.546,0.546,0.571,0.571,0.453,0.453,neu,neu
19,19,SDF54,SDF54,WS01,WS01,"independent consumer representative","independent consumer representative",,,124,124,"describe -independent consumer representative-","describe -independent consumer representative-",,,,,,,,,,,0.531,0.531,0.646,0.646,0.468,0.468,neu,neu
20,20,KXY38,KXY38,ES01,ES01,randomised,randomised,,,2,2,"the word is unclear and was not defined prior to that","the word is unclear and was not defined prior to that",,,,,,,,,,,0.612,0.612,0.873,0.873,0.387,0.387,neu,neu
21,21,KXY38,KXY38,ES01,ES01,disadvantaged,disadvantaged,,,9,9,"better to use a more expresive word","better to use a more expresive word",,,,,,,,,,,0.316,0.316,0.195,0.195,0.683,0.683,pos,pos
22,22,KXY38,KXY38,ES01,ES01,"research stops","research stops",,,26,26,"instead of using -when the research stops- its better to use -when the research is finished- cos the first one makes it like the research is interrupted rather than finished","instead of using -when the research stops- its better to use -when the research is finished- cos the first one makes it like the research is interrupted rather than finished",,,,,,,,,,,0.629,0.629,0.196,0.196,0.370,0.370,neg,neg
23,23,KXY38,KXY38,ES01,ES01,"any else","any else",,,37,37,"any else should be replaced with anthing else","any else should be replaced with anthing else",,,,,,,,,,,0.667,0.667,0.346,0.346,0.332,0.332,neg,neg
24,24,KXY38,KXY38,ES01,ES01,complaint,complaint,,,30,30,"the word complaint should be more ellaborated if for example rehether it includes being hard-med in the treatment","the word complaint should be more ellaborated if for example rehether it includes being hard-med in the treatment",,,,,,,,,,,0.483,0.483,0.224,0.224,0.516,0.516,pos,pos
25,25,RBM27,RBM27,ES01,ES01,"Rehabilitation for the elderly","Rehabilitation for the elderly",,,2,2,"Grammar, it reads a bit awkwardly. Try -comparing day hospitals to rehabilitation at home- or viceversa.","Grammar, it reads a bit awkwardly. Try -comparing day hospitals to rehabilitation at home- or viceversa.",,,,,,,,,,,0.519,0.519,0.819,0.819,0.480,0.480,neu,neu
26,26,RBM27,RBM27,ES01,ES01,"your GP","your GP",,,4,4,"Healthcare practitioner - not everyone uses GP\'s","Healthcare practitioner - not everyone uses GP\'s",,,,,,,,,,,0.405,0.405,0.477,0.477,0.594,0.594,pos,pos
27,27,RBM27,RBM27,ES01,ES01,"a copy may be obtained","a copy may be obtained",,,5,5,How?,How?,,,,,,,,,,,0.516,0.516,0.607,0.607,0.483,0.483,neu,neu
28,28,RBM27,RBM27,ES01,ES01,elderly,elderly,,,8,8,elderley?,elderley?,,,,,,,,,,,0.509,0.509,0.595,0.595,0.490,0.490,neu,neu
29,29,RBM27,RBM27,ES01,ES01,"You have been chosen because you are an elderly person who has been identified as needing rehabilitation.","You have been chosen because you are an elderly person who has been identified as needing rehabilitation.",,,11,11,"Could be a bit abrupt? Should not the patient decide their needs? Rewards?","Could be a bit abrupt? Should not the patient decide their needs? Rewards?",,,,,,,,,,,0.629,0.629,0.089,0.089,0.370,0.370,neg,neg
30,30,RBM27,RBM27,ES01,ES01,"It is up to you to decide whether or not to take part. If you decide to take part you will be given this information sheet to keep and be asked to sign a consent form. If you decide to take part you are still free to withdraw at any time without giving a reason. This will not affect the standard of care you receive.","It is up to you to decide whether or not to take part. If you decide to take part you will be given this information sheet to keep and be asked to sign a consent form. If you decide to take part you are still free to withdraw at any time without giving a reason. This will not affect the standard of care you receive.",,,13,13,"Grammar cheek for easy reading","Grammar cheek for easy reading",,,,,,,,,,,0.409,0.409,0.105,0.105,0.590,0.590,pos,pos
31,31,RBM27,RBM27,ES01,ES01,repeating,repeating,,,15,15,"repeated / will repeat","repeated / will repeat",,,,,,,,,,,0.489,0.489,0.692,0.692,0.510,0.510,neu,neu
32,32,RBM27,RBM27,ES01,ES01,best,best,,,25,25,"Too subjective, best to whom or what end? -revise","Too subjective, best to whom or what end? -revise",,,,,,,,,,,0.321,0.321,0.315,0.315,0.678,0.678,pos,pos
33,33,RBM27,RBM27,ES01,ES01,"0214 271 5294","0214 271 5294",,,31,31,"Larger text, centralize or as a part of sentence (Still larger text)","Larger text, centralize or as a part of sentence (Still larger text)",,,,,,,,,,,0.342,0.342,0.206,0.206,0.657,0.657,pos,pos
34,34,RBM27,RBM27,KS01,KS01,"for people have OA","for people have OA",,,44,44,"for people who have","for people who have",,,,,,,,,,,0.401,0.401,0.641,0.641,0.598,0.598,neu,neu
35,35,RBM27,RBM27,KS01,KS01,"These include painkillers (such as paracetamol), anti-inflammatory drugs or creams, steroid injections, and surgery.","These include painkillers (such as paracetamol), anti-inflammatory drugs or creams, steroid injections, and surgery.",,,44,44,"What about non-pharmaceutical or surgical treatments such as diet (nutrition) and excersise?","What about non-pharmaceutical or surgical treatments such as diet (nutrition) and excersise?",,,,,,,,,,,0.577,0.577,0.477,0.477,0.422,0.422,neg,neg
36,36,RBM27,RBM27,KS01,KS01,"General Practitioner if you wish","General Practitioner if you wish",,,46,46,"Healthcare practitioner may not be a GP, could be another trainee consultant","Healthcare practitioner may not be a GP, could be another trainee consultant",,,,,,,,,,,0.479,0.479,0.367,0.367,0.520,0.520,pos,pos
37,37,RBM27,RBM27,KS01,KS01,"arthroscopic lavage\'","arthroscopic lavage\'",,,49,49,"Inconsistent use of apostrohes and capitals","Inconsistent use of apostrohes and capitals",,,,,,,,,,,0.502,0.502,0.433,0.433,0.497,0.497,neg,neg
38,38,RBM27,RBM27,KS01,KS01,"wash out\'","wash out\'",,,44,44,"more info on -wash out-?","more info on -wash out-?",,,,,,,,,,,0.390,0.390,0.478,0.478,0.609,0.609,pos,pos
39,39,RBM27,RBM27,KS01,KS01,"It requires approximately 2 to 3 days off work","It requires approximately 2 to 3 days off work",,,68,68,"-new line-It","-new line-It",,,,,,,,,,,0.456,0.456,0.390,0.390,0.543,0.543,pos,pos
40,40,RBM27,RBM27,KS01,KS01,"(depending on nature of work) as with all surgery","(depending on nature of work) as with all surgery",,,68,68,"(depending on nature of work). As with all surgery","(depending on nature of work). As with all surgery",,,,,,,,,,,0.290,0.290,0.380,0.380,0.709,0.709,pos,pos
41,41,RBM27,RBM27,KS01,KS01,"Arthritis Care","Arthritis Care",,,74,74,who?,who?,,,,,,,,,,,0.498,0.498,0.732,0.732,0.501,0.501,neu,neu
42,42,RBM27,RBM27,VS01,VS01,"three choices","three choices",,,83,83,"misleading there are no doubt other treatments available not on the NHS","misleading there are no doubt other treatments available not on the NHS",,,,,,,,,,,0.598,0.598,0.428,0.428,0.401,0.401,neg,neg
43,43,RBM27,RBM27,VS01,VS01,"This is usually suitable only for relatively small varicose veins that are unsightly but cause no symptoms. It works by injecting a chemical (a sclerosant) into the varicose vein that causes the vein to seal off. The injected areas are covered with pads and the leg is covered with a firm stocking or bandage for two or three weeks. Sometimes two or three visits to clinic are required to get rid of all the noticeable veins. Sometimes there is a little inflammation after the injections, and occasionally there can be some permanent brown staining but, in general, we would expect to get your veins sealed off by this treatment.","This is usually suitable only for relatively small varicose veins that are unsightly but cause no symptoms. It works by injecting a chemical (a sclerosant) into the varicose vein that causes the vein to seal off. The injected areas are covered with pads and the leg is covered with a firm stocking or bandage for two or three weeks. Sometimes two or three visits to clinic are required to get rid of all the noticeable veins. Sometimes there is a little inflammation after the injections, and occasionally there can be some permanent brown staining but, in general, we would expect to get your veins sealed off by this treatment.",,,89102,89102,"Repeated info","Repeated info",,,,,,,,,,,0.466,0.466,0.558,0.558,0.533,0.533,neu,neu
44,44,RBM27,RBM27,VS01,VS01,"chemical (a sclerosant)","chemical (a sclerosant)",,,102,102,"Which chemical / sclerosant?","Which chemical / sclerosant?",,,,,,,,,,,0.549,0.549,0.736,0.736,0.450,0.450,neu,neu
45,45,RBM27,RBM27,VS01,VS01,"paracetamol should help relieve any discomfort","paracetamol should help relieve any discomfort",,,110,110,"Hmmm… recommended for all at this stage? Seems risky","Hmmm… recommended for all at this stage? Seems risky",,,,,,,,,,,0.373,0.373,0.459,0.459,0.626,0.626,pos,pos
46,46,RBM27,RBM27,WS01,WS01,"Wiped Treatment of Older adults On Laxatives","Wiped Treatment of Older adults On Laxatives",,,121,121,"Inconsistent use of capitals - Adults?","Inconsistent use of capitals - Adults?",,,,,,,,,,,0.476,0.476,0.376,0.376,0.523,0.523,pos,pos
47,47,RBM27,RBM27,WS01,WS01,"We are not interested in any other aspects of your health","We are not interested in any other aspects of your health",,,158,158,"what about related objects? Such as mental health and not drinking water","what about related objects? Such as mental health and not drinking water",,,,,,,,,,,0.572,0.572,0.659,0.659,0.427,0.427,neu,neu
48,48,RBM27,RBM27,WS01,WS01," However, like any medicines, laxatives can have unwanted side-effects in some patients such as abdominal discomfort, bloating, flatulence etc."," However, like any medicines, laxatives can have unwanted side-effects in some patients such as abdominal discomfort, bloating, flatulence etc.",,,170,170,"Long-term side effects factually not known of mentioned laxatives -be honest!","Long-term side effects factually not known of mentioned laxatives -be honest!",,,,,,,,,,,0.427,0.427,0.415,0.415,0.572,0.572,pos,pos
49,49,RBM27,RBM27,WS01,WS01,"Only people in our office will know who the questionnaire came from","Only people in our office will know who the questionnaire came from",,,182,182,"Unclear -what office? Where it came from as in which person?","Unclear -what office? Where it came from as in which person?",,,,,,,,,,,0.495,0.495,0.851,0.851,0.504,0.504,neu,neu
50,50,RBM27,RBM27,WS01,WS01,"We want to reassure you that anything you tell us will be kept secret. We will not tell anyone what you have said unless you ask us to. We will not give your contact details to anybody and nobody else will contact you by any means after the end of the study.","We want to reassure you that anything you tell us will be kept secret. We will not tell anyone what you have said unless you ask us to. We will not give your contact details to anybody and nobody else will contact you by any means after the end of the study.",,,183,183,"Repeating in different words too much -find simpler way of explaining the fact","Repeating in different words too much -find simpler way of explaining the fact",,,,,,,,,,,0.639,0.639,0.330,0.330,0.360,0.360,neg,neg
51,51,ZOY48,ZOY48,ES01,ES01,rehabilitation,rehabilitation,,,8,8,"I did not know the mean of it. I just guess should be","I did not know the mean of it. I just guess should be",,,,,,,,,,,0.762,0.762,0.107,0.107,0.237,0.237,neg,neg
52,52,ZOY48,ZOY48,ES01,ES01,"and see if there are any advantages of one over the other in terms of cost or patient and carer preference","and see if there are any advantages of one over the other in terms of cost or patient and carer preference",,,8,8,"The sentence does not makes sense I should read it a few times.","The sentence does not makes sense I should read it a few times.",,,,,,,,,,,0.712,0.712,0.300,0.300,0.287,0.287,neg,neg
53,53,ZOY48,ZOY48,ES01,ES01,assigned,assigned,,,8,8,"I did not know the meaning","I did not know the meaning",,,,,,,,,,,0.509,0.509,0.414,0.414,0.490,0.490,neg,neg
54,54,ZOY48,ZOY48,ES01,ES01,"we don\'t expect there to be any difference in effectiveness between these two, so you will not be disadvantaged by being assigned to either one.","we don\'t expect there to be any difference in effectiveness between these two, so you will not be disadvantaged by being assigned to either one.",,,9,9,"Grammatically wrong and difficult to understand.","Grammatically wrong and difficult to understand.",,,,,,,,,,,0.714,0.714,0.292,0.292,0.285,0.285,neg,neg
55,55,ZOY48,ZOY48,ES01,ES01,"and which is most cost effective.","and which is most cost effective.",,,9,9,"Grammatically wrong, don\'t makes sense.","Grammatically wrong, don\'t makes sense.",,,,,,,,,,,0.740,0.740,0.049,0.049,0.259,0.259,neg,neg
56,56,ZOY48,ZOY48,ES01,ES01,"The interview will take between half an hour and an hour.","The interview will take between half an hour and an hour.",,,15,15,"Read it twice to understand.","Read it twice to understand.",,,,,,,,,,,0.470,0.470,0.421,0.421,0.529,0.529,pos,pos
57,57,ZOY48,ZOY48,KS01,KS01,Lavage,Lavage,,,39,39,"I don\'t know the meaning of it","I don\'t know the meaning of it",,,,,,,,,,,0.633,0.633,0.338,0.338,0.366,0.366,neg,neg
58,58,FSS87,FSS87,ES01,ES01,"and see if there are any advantages of one over the other in terms of cost or patient and carer preference","and see if there are any advantages of one over the other in terms of cost or patient and carer preference",,,8,8,"is this -rehabilitation- to cut cost by the NHS","is this -rehabilitation- to cut cost by the NHS",,,,,,,,,,,0.552,0.552,0.710,0.710,0.447,0.447,neu,neu
59,59,FSS87,FSS87,ES01,ES01,"From previous studies","From previous studies",,,9,9,"What was the result of previous studies & how long ago?","What was the result of previous studies & how long ago?",,,,,,,,,,,0.653,0.653,0.808,0.808,0.346,0.346,neu,neu
60,60,FSS87,FSS87,ES01,ES01,rehabilitation,rehabilitation,,,11,11,"-Rehabilitation- may needed to be explained to an old person","-Rehabilitation- may needed to be explained to an old person",,,,,,,,,,,0.498,0.498,0.621,0.621,0.501,0.501,neu,neu
61,61,FSS87,FSS87,ES01,ES01,"We don\'t think there are any risks or disadvantages","We don\'t think there are any risks or disadvantages",,,23,23,"People will need to know if there are risks or disavantages not -we don\'t think there are- this is an open statement","People will need to know if there are risks or disavantages not -we don\'t think there are- this is an open statement",,,,,,,,,,,0.556,0.556,0.168,0.168,0.443,0.443,neg,neg
62,62,FSS87,FSS87,ES01,ES01,"You have the option to withdraw at any time, for any reason.","You have the option to withdraw at any time, for any reason.",,,23,23,"Would a document need to be signed?","Would a document need to be signed?",,,,,,,,,,,0.455,0.455,0.454,0.454,0.544,0.544,pos,pos
63,63,FSS87,FSS87,ES01,ES01,"which may have implications","which may have implications",,,27,27,"Will any implications found be explained?","Will any implications found be explained?",,,,,,,,,,,0.483,0.483,0.413,0.413,0.516,0.516,pos,pos
64,64,FSS87,FSS87,KS01,KS01,"keyhole\' surgery","keyhole\' surgery",,,44,44,"How long would a person have to wait?","How long would a person have to wait?",,,,,,,,,,,0.784,0.784,0.485,0.485,0.215,0.215,neg,neg
65,65,FSS87,FSS87,KS01,KS01,"if these surgery techniques really work","if these surgery techniques really work",,,44,44,"Sounds unreasuring -if these surgery techniques really work-","Sounds unreasuring -if these surgery techniques really work-",,,,,,,,,,,0.678,0.678,0.197,0.197,0.321,0.321,neg,neg
66,66,FSS87,FSS87,KS01,KS01,"If you agree to take part in the study, your type of treatment will be chosen randomly by a computer.","If you agree to take part in the study, your type of treatment will be chosen randomly by a computer.",,,51,51,"Can this be explainned better","Can this be explainned better",,,,,,,,,,,0.528,0.528,0.234,0.234,0.471,0.471,neg,neg
67,67,FSS87,FSS87,KS01,KS01,"surgical placebo","surgical placebo",,,55,55,"Explainned below","Explainned below",,,,,,,,,,,0.563,0.563,0.595,0.595,0.436,0.436,neu,neu
68,68,FSS87,FSS87,KS01,KS01,"This procedure requires a general anaesthetic.","This procedure requires a general anaesthetic.",,,57,57,"Is general anaesthetic necessary?","Is general anaesthetic necessary?",,,,,,,,,,,0.572,0.572,0.306,0.306,0.427,0.427,neg,neg
69,69,FSS87,FSS87,VS01,VS01,"Little is known about the cost effectiveness of these treatments","Little is known about the cost effectiveness of these treatments",,,84,84,"Why is little know about cost effectiveness?","Why is little know about cost effectiveness?",,,,,,,,,,,0.724,0.724,0.358,0.358,0.275,0.275,neg,neg
70,70,FSS87,FSS87,VS01,VS01,"Decisions like this need to be informed by good information about cost effectiveness","Decisions like this need to be informed by good information about cost effectiveness",,,84,84,"how can this information be collected?","how can this information be collected?",,,,,,,,,,,0.671,0.671,0.562,0.562,0.328,0.328,neu,neu
71,71,FSS87,FSS87,VS01,VS01,"then you would be well advised to lose weight, aiming at your ideal figure.","then you would be well advised to lose weight, aiming at your ideal figure.",,,94,94,"Figure? (not appropiate)","Figure? (not appropiate)",,,,,,,,,,,0.626,0.626,0.590,0.590,0.373,0.373,neu,neu
72,72,OXI94,OXI94,ES01,ES01,rehabilitation,rehabilitation,,,2,2,"I understand this word but not in detail so I would like this to be explained","I understand this word but not in detail so I would like this to be explained",,,,,,,,,,,0.744,0.744,0.335,0.335,0.255,0.255,neg,neg
73,73,OXI94,OXI94,ES01,ES01,"A randomised controlled trial","A randomised controlled trial",,,2,2,"I understand this word but not in detail so I would like this to be explained","I understand this word but not in detail so I would like this to be explained",,,,,,,,,,,0.744,0.744,0.335,0.335,0.255,0.255,neg,neg
74,74,OXI94,OXI94,ES01,ES01,"a copy may be obtained from CERES","a copy may be obtained from CERES",,,5,5,"Can we not see it on a website? Or email for it?","Can we not see it on a website? Or email for it?",,,,,,,,,,,0.596,0.596,0.354,0.354,0.403,0.403,neg,neg
75,75,OXI94,OXI94,ES01,ES01,"a copy may be obtained from CERES","a copy may be obtained from CERES",,,5,5,"I would like this to be on a website or email as it is a lot to ask people to write a letter.","I would like this to be on a website or email as it is a lot to ask people to write a letter.",,,,,,,,,,,0.564,0.564,0.341,0.341,0.435,0.435,neg,neg
76,76,OXI94,OXI94,ES01,ES01,"Taking part in the study does not require you to make any changes to your lifestyle","Taking part in the study does not require you to make any changes to your lifestyle",,,17,17,"Not clear, because the rehabilitation will make changes to my lifestyle but the talking to someone about it will not","Not clear, because the rehabilitation will make changes to my lifestyle but the talking to someone about it will not",,,,,,,,,,,0.700,0.700,0.219,0.219,0.299,0.299,neg,neg
77,77,OXI94,OXI94,ES01,ES01,"What is the procedure being tested?","What is the procedure being tested?",,,18,18,"procedure is a big word","procedure is a big word",,,,,,,,,,,0.448,0.448,0.545,0.545,0.551,0.551,neu,neu
78,78,OXI94,OXI94,ES01,ES01,"We don\'t think there are any risks or disadvantages for being involved in this study","We don\'t think there are any risks or disadvantages for being involved in this study",,,23,23,"I\'d like to know who is doing the survey work/conversations. I need to think about keeping myself safe eg. Whether I want to invite a stranger into my home.","I\'d like to know who is doing the survey work/conversations. I need to think about keeping myself safe eg. Whether I want to invite a stranger into my home.",,,,,,,,,,,0.401,0.401,0.182,0.182,0.598,0.598,pos,pos
79,79,OXI94,OXI94,ES01,ES01,"0214 271 5294","0214 271 5294",,,31,31,"I\'d prefer an email","I\'d prefer an email",,,,,,,,,,,0.334,0.334,0.351,0.351,0.665,0.665,pos,pos
80,80,OXI94,OXI94,ES01,ES01,"There will be an opportunity for you to see the results of the study when it is completed","There will be an opportunity for you to see the results of the study when it is completed",,,35,35,"How will I be updated? Do I have to make the effort to contact you","How will I be updated? Do I have to make the effort to contact you",,,,,,,,,,,0.513,0.513,0.343,0.343,0.486,0.486,neg,neg
81,81,OXI94,OXI94,KS01,KS01,Osteoarthritis,Osteoarthritis,,,39,39,"A big word to put at the beginning","A big word to put at the beginning",,,,,,,,,,,0.382,0.382,0.667,0.667,0.617,0.617,neu,neu
82,82,OXI94,OXI94,KS01,KS01,"Arthroscopic lavage","Arthroscopic lavage",,,39,39,"A big word to put at the beginning","A big word to put at the beginning",,,,,,,,,,,0.382,0.382,0.667,0.667,0.617,0.617,neu,neu
83,83,OXI94,OXI94,KS01,KS01,"UK NHS R&D","UK NHS R&D",,,40,40,"What do those initials mean?","What do those initials mean?",,,,,,,,,,,0.594,0.594,0.262,0.262,0.405,0.405,neg,neg
84,84,OXI94,OXI94,KS01,KS01,"or trimming of torn soft cartilage","or trimming of torn soft cartilage",,,44,44,off?,off?,,,,,,,,,,,0.564,0.564,0.595,0.595,0.435,0.435,neu,neu
85,85,OXI94,OXI94,KS01,KS01,"placebo\' procedure (simulated surgery)","placebo\' procedure (simulated surgery)",,,"48,49","48,49","This could be clearer","This could be clearer",,,,,,,,,,,0.674,0.674,0.551,0.551,0.325,0.325,neu,neu
86,86,OXI94,OXI94,VS01,VS01,"Randomised study of conservative treatment or injection sclerotherapy","Randomised study of conservative treatment or injection sclerotherapy",,,88,88,"too many big words","too many big words",,,,,,,,,,,0.566,0.566,0.263,0.263,0.433,0.433,neg,neg
87,87,OXI94,OXI94,VS01,VS01,duplex,duplex,,,90,90,"I don\'t know what this means","I don\'t know what this means",,,,,,,,,,,0.696,0.696,0.342,0.342,0.303,0.303,neg,neg
88,88,OXI94,OXI94,WS01,WS01,"Wiped Treatment of Older adults On Laxatives","Wiped Treatment of Older adults On Laxatives",,,121,121,"Don\'t understand the use of the word -wiped-","Don\'t understand the use of the word -wiped-",,,,,,,,,,,0.611,0.611,0.376,0.376,0.388,0.388,neg,neg
89,89,OXI94,OXI94,WS01,WS01,"He or she will interview you on the phone, asking questions about any out of pocket expenses","He or she will interview you on the phone, asking questions about any out of pocket expenses",,,153,153,"out of pocket expenses is an unclear word","out of pocket expenses is an unclear word",,,,,,,,,,,0.596,0.596,0.750,0.750,0.403,0.403,neu,neu
90,90,ALT17,ALT17,ES01,ES01,"Rehabilitation for the elderly","Rehabilitation for the elderly",,,2,2,"The heading and phrasing of the whole patient information sheet seems a little bit complex and might be taxing for an elderly person to read through and understand. I would suggest a simplified version of this patient information sheet","The heading and phrasing of the whole patient information sheet seems a little bit complex and might be taxing for an elderly person to read through and understand. I would suggest a simplified version of this patient information sheet",,,,,,,,,,,0.506,0.506,0.190,0.190,0.493,0.493,neg,neg
91,91,ALT17,ALT17,ES01,ES01,"From previous studies, we don\'t expect there to be any difference in effectiveness between these two","From previous studies, we don\'t expect there to be any difference in effectiveness between these two",,,9,9,"If there have been previous studies, how come researchers still need to carry out new studies. Did they not gather this information sufficiently from these previous studies?","If there have been previous studies, how come researchers still need to carry out new studies. Did they not gather this information sufficiently from these previous studies?",,,,,,,,,,,0.707,0.707,0.893,0.893,0.292,0.292,neu,neu
92,92,Z215,Z215,WS01,WS01,"Health diary","Health diary",,,151,151,"A quick overview of what the health diary involves may be useful","A quick overview of what the health diary involves may be useful",,,,,,,,,,,0.421,0.421,0.266,0.266,0.578,0.578,pos,pos
93,93,Z215,Z215,ES01,ES01," CERES, PO Box 1365, London, N16 OBW."," CERES, PO Box 1365, London, N16 OBW.",,,5,5,"Can a copy be emailed/sent? No number or email address to ask","Can a copy be emailed/sent? No number or email address to ask",,,,,,,,,,,0.532,0.532,0.585,0.585,0.467,0.467,neu,neu
94,94,Z215,Z215,ES01,ES01,"If you decide to take part","If you decide to take part",,,13,13,Repetitive,Repetitive,,,,,,,,,,,0.632,0.632,0.386,0.386,0.367,0.367,neg,neg
95,95,Z215,Z215,ES01,ES01,"Then your rehabilitation will start and the service you receive will be unaffected by your taking part in this study.","Then your rehabilitation will start and the service you receive will be unaffected by your taking part in this study.",,,15,15,"dash --- more appropiate than -and-","dash --- more appropiate than -and-",,,,,,,,,,,0.413,0.413,0.223,0.223,0.586,0.586,pos,pos
96,96,Z215,Z215,ES01,ES01,"This interview will be repeating","This interview will be repeating",,,15,15,"and better than 2 sentences or very clunky/repetitive/robotic","and better than 2 sentences or very clunky/repetitive/robotic",,,,,,,,,,,0.565,0.565,0.210,0.210,0.434,0.434,neg,neg
97,97,Z215,Z215,ES01,ES01,"disadvantages or risks to being involved","disadvantages or risks to being involved",,,22,22,"A disadvantange could be to not get the patient/carer preference of treatment","A disadvantange could be to not get the patient/carer preference of treatment",,,,,,,,,,,0.600,0.600,0.567,0.567,0.399,0.399,neu,neu
98,98,Z215,Z215,ES01,ES01,"possible benefits of taking part","possible benefits of taking part",,,24,24,"Help patient in future but no personal benefit mentioned. Personal benefit could be receiving additional info upon the studies completion that could help patients make an informed (personal) choice.","Help patient in future but no personal benefit mentioned. Personal benefit could be receiving additional info upon the studies completion that could help patients make an informed (personal) choice.",,,,,,,,,,,0.334,0.334,0.590,0.590,0.665,0.665,neu,neu
99,99,Z215,Z215,KS01,KS01,"Osteoarthritis of the knee is a very common form of osteoarthritis","Osteoarthritis of the knee is a very common form of osteoarthritis",,,42,42,"The knee is a common place for oesteoarthritis to occur - less repetitive","The knee is a common place for oesteoarthritis to occur - less repetitive",,,,,,,,,,,0.526,0.526,0.376,0.376,0.473,0.473,neg,neg
100,100,Z215,Z215,KS01,KS01,"of the knee. These include","of the knee. These include",,,44,44,"-options include-","-options include-",,,,,,,,,,,0.525,0.525,0.708,0.708,0.474,0.474,neu,neu
101,101,Z215,Z215,KS01,KS01,"creams, steroid injections, and surgery","creams, steroid injections, and surgery",,,44,44,"No comma needed","No comma needed",,,,,,,,,,,0.584,0.584,0.472,0.472,0.415,0.415,neg,neg
102,102,Z215,Z215,KS01,KS01,"removing flaps of damaged hard cartilage, or trimming of torn soft cartilage","removing flaps of damaged hard cartilage, or trimming of torn soft cartilage",,,44,44,"No comma needed","No comma needed",,,,,,,,,,,0.584,0.584,0.472,0.472,0.415,0.415,neg,neg
103,103,Z215,Z215,KS01,KS01,", but",", but",,,44,44,"-However- better word than -but-","-However- better word than -but-",,,,,,,,,,,0.524,0.524,0.361,0.361,0.475,0.475,neg,neg
104,104,Z215,Z215,KS01,KS01,"if arthroscopic lavage for osteoarthritis really works","if arthroscopic lavage for osteoarthritis really works",,,46,46,"-to find out how effective arthroscopic lavage can be-","-to find out how effective arthroscopic lavage can be-",,,,,,,,,,,0.511,0.511,0.456,0.456,0.488,0.488,neg,neg
105,105,Z215,Z215,KS01,KS01,". In this study,",". In this study,",,,48,48,"not needed (repetive of sentence before)","not needed (repetive of sentence before)",,,,,,,,,,,0.516,0.516,0.662,0.662,0.483,0.483,neu,neu
106,106,Z215,Z215,VS01,VS01,seldom,seldom,,,83,83,"Seldom -> simplify for more people to understand easily -rarely-","Seldom -> simplify for more people to understand easily -rarely-",,,,,,,,,,,0.268,0.268,0.191,0.191,0.731,0.731,pos,pos
107,107,Z215,Z215,VS01,VS01,"relative merits of","relative merits of",,,84,84,"Simplify -relative merits- to advantages","Simplify -relative merits- to advantages",,,,,,,,,,,0.517,0.517,0.463,0.463,0.482,0.482,neg,neg
108,108,Z215,Z215,VS01,VS01,"CONSERVATIVE MEASURES","CONSERVATIVE MEASURES",,,93,93,"Simplify -conservative measures- to -life style management-","Simplify -conservative measures- to -life style management-",,,,,,,,,,,0.335,0.335,0.522,0.522,0.664,0.664,neu,neu
109,109,Z215,Z215,VS01,VS01,"They are graded as Class I (often enough to control aching from varicose veins), Class II (medium strength, and most often prescribed by specialists), and Class III (very supportive, and generally for people with serious symptoms).","They are graded as Class I (often enough to control aching from varicose veins), Class II (medium strength, and most often prescribed by specialists), and Class III (very supportive, and generally for people with serious symptoms).",,,98,98,"would be easier to undertand in list format. Also, if simplified with summary of strongest to weekest as well as explanation of when they are used.","would be easier to undertand in list format. Also, if simplified with summary of strongest to weekest as well as explanation of when they are used.",,,,,,,,,,,0.318,0.318,0.624,0.624,0.681,0.681,neu,neu
110,110,Z215,Z215,WS01,WS01,"- our contact details can be found at the end of this leaflet.","- our contact details can be found at the end of this leaflet.",,,124,124,"Really good to inform where this is straight away as encourages person to come up with questions. If they aren\'t answered by the end it is easy to take the next step & contact them","Really good to inform where this is straight away as encourages person to come up with questions. If they aren\'t answered by the end it is easy to take the next step & contact them",,,,,,,,,,,0.346,0.346,0.258,0.258,0.653,0.653,pos,pos
111,111,Z217,Z217,ES01,ES01,"take time to decide whether you wish to take part.","take time to decide whether you wish to take part.",,,4,4,"It is a clean indication to assess the situation, but should be more specific","It is a clean indication to assess the situation, but should be more specific",,,,,,,,,,,0.487,0.487,0.244,0.244,0.512,0.512,pos,pos
112,112,Z217,Z217,ES01,ES01,"take time to decide whether you wish to take part.","take time to decide whether you wish to take part.",,,4,4,"Choose a clean way of telling elderly people to consider the survey","Choose a clean way of telling elderly people to consider the survey",,,,,,,,,,,0.529,0.529,0.541,0.541,0.470,0.470,neu,neu
113,113,Z217,Z217,ES01,ES01,"A copy may be obtained from CERES","A copy may be obtained from CERES",,,5,5,"If somebody has questions it should be easier to access that information","If somebody has questions it should be easier to access that information",,,,,,,,,,,0.643,0.643,0.344,0.344,0.356,0.356,neg,neg
114,114,Z217,Z217,ES01,ES01,"A copy may be obtained from CERES","A copy may be obtained from CERES",,,5,5,"Make the leaflet available alongside this one or have a link to a website with information.","Make the leaflet available alongside this one or have a link to a website with information.",,,,,,,,,,,0.452,0.452,0.570,0.570,0.547,0.547,neu,neu
115,115,Z217,Z217,ES01,ES01,"and interview you within the next 2 weeks","and interview you within the next 2 weeks",,,15,15,"More details on the contacting patients. They should be given details.","More details on the contacting patients. They should be given details.",,,,,,,,,,,0.523,0.523,0.530,0.530,0.476,0.476,neu,neu
116,116,Z217,Z217,ES01,ES01,"and interview you within the next 2 weeks","and interview you within the next 2 weeks",,,15,15,"Give telephone number, e-mail address or just inform the patients on the way of communication.","Give telephone number, e-mail address or just inform the patients on the way of communication.",,,,,,,,,,,0.491,0.491,0.772,0.772,0.508,0.508,neu,neu
117,117,Z217,Z217,ES01,ES01,"The study aims to find any differences","The study aims to find any differences",,,19,19,"Maybe inform the possible participants of any differences currently known. It would make them make a decision easier.","Maybe inform the possible participants of any differences currently known. It would make them make a decision easier.",,,,,,,,,,,0.419,0.419,0.363,0.363,0.580,0.580,pos,pos
118,118,Z217,Z217,ES01,ES01,"The study aims to find any differences","The study aims to find any differences",,,19,19,"Put a list of any differences between the methods.","Put a list of any differences between the methods.",,,,,,,,,,,0.311,0.311,0.529,0.529,0.688,0.688,neu,neu
119,119,Z217,Z217,ES01,ES01,"there will be complaint procedures that you can follow","there will be complaint procedures that you can follow",,,29,29,"While it is clear there is a complaint procedure, there is no information about it.","While it is clear there is a complaint procedure, there is no information about it.",,,,,,,,,,,0.544,0.544,0.336,0.336,0.455,0.455,neg,neg
120,120,Z217,Z217,ES01,ES01,"there will be complaint procedures that you can follow","there will be complaint procedures that you can follow",,,29,29,"Write a few words on the procedure.","Write a few words on the procedure.",,,,,,,,,,,0.624,0.624,0.576,0.576,0.375,0.375,neu,neu
121,121,Z217,Z217,KS01,KS01,"There are a range of treatments available","There are a range of treatments available",,,44,44,"It is a good stant of the explanaition but not explicit enough","It is a good stant of the explanaition but not explicit enough",,,,,,,,,,,0.409,0.409,0.163,0.163,0.590,0.590,pos,pos
122,122,Z217,Z217,KS01,KS01,"There are a range of treatments available","There are a range of treatments available",,,44,44,"Give more examples of treatments and how people respond","Give more examples of treatments and how people respond",,,,,,,,,,,0.389,0.389,0.242,0.242,0.610,0.610,pos,pos
123,123,Z217,Z217,KS01,KS01,"Introduction to the study","Introduction to the study",,,"45,46","45,46","More emphasis on the importance of understanding the study. I do not see the appeal","More emphasis on the importance of understanding the study. I do not see the appeal",,,,,,,,,,,0.554,0.554,0.172,0.172,0.445,0.445,neg,neg
124,124,Z217,Z217,KS01,KS01,"Introduction to the study","Introduction to the study",,,"45,46","45,46","Give people a reason to join the study","Give people a reason to join the study",,,,,,,,,,,0.715,0.715,0.836,0.836,0.284,0.284,neu,neu
125,125,Z217,Z217,KS01,KS01,"Please take time to decide whether or not you wish to take part.","Please take time to decide whether or not you wish to take part.",,,46,46,"This part should be underlined to be more clear","This part should be underlined to be more clear",,,,,,,,,,,0.373,0.373,0.217,0.217,0.626,0.626,pos,pos
126,126,Z217,Z217,KS01,KS01,"Please take time to decide whether or not you wish to take part.","Please take time to decide whether or not you wish to take part.",,,46,46,"Use different font and size","Use different font and size",,,,,,,,,,,0.353,0.353,0.344,0.344,0.646,0.646,pos,pos
127,127,Z217,Z217,KS01,KS01,"Your type of treatment will be chosen randomly by a computer.","Your type of treatment will be chosen randomly by a computer.",,,51,51,"A bit more insight into the treatment method","A bit more insight into the treatment method",,,,,,,,,,,0.295,0.295,0.207,0.207,0.704,0.704,pos,pos
128,128,Z217,Z217,KS01,KS01,"This procedure requires a general anaesthetic.","This procedure requires a general anaesthetic.",,,53,53,"Informing people about alergies and side effects of anaesthetic","Informing people about alergies and side effects of anaesthetic",,,,,,,,,,,0.495,0.495,0.392,0.392,0.504,0.504,pos,pos
129,129,Z217,Z217,KS01,KS01,"This procedure requires a general anaesthetic.","This procedure requires a general anaesthetic.",,,53,53,"Include a brief section about this.","Include a brief section about this.",,,,,,,,,,,0.498,0.498,0.338,0.338,0.501,0.501,pos,pos
130,130,Z217,Z217,KS01,KS01,"Why have I been approached?","Why have I been approached?",,,62,62,"I would like to see more emphasis on the reasons.","I would like to see more emphasis on the reasons.",,,,,,,,,,,0.382,0.382,0.172,0.172,0.617,0.617,pos,pos
131,131,Z217,Z217,KS01,KS01,"Why have I been approached?","Why have I been approached?",,,62,62,"Explain why a person would be chosen to join the trial.","Explain why a person would be chosen to join the trial.",,,,,,,,,,,0.760,0.760,0.884,0.884,0.239,0.239,neu,neu
132,132,Z217,Z217,KS01,KS01,Advantages,Advantages,,,"65,66","65,66","A more clear approach to the advantages as to encourage people to cosiderate the study","A more clear approach to the advantages as to encourage people to cosiderate the study",,,,,,,,,,,0.288,0.288,0.198,0.198,0.711,0.711,pos,pos
133,133,Z217,Z217,KS01,KS01,Advantages,Advantages,,,"65,66","65,66","Organize this section more clearly","Organize this section more clearly",,,,,,,,,,,0.539,0.539,0.345,0.345,0.460,0.460,neg,neg
134,134,Z217,Z217,KS01,KS01,"It requires approximately 2 to 3 days off work","It requires approximately 2 to 3 days off work",,,68,68,"That is quite vague, in that situation I would like to be more clear on the effect of the study on my personal life.","That is quite vague, in that situation I would like to be more clear on the effect of the study on my personal life.",,,,,,,,,,,0.460,0.460,0.194,0.194,0.539,0.539,pos,pos
135,135,Z217,Z217,KS01,KS01,"It requires approximately 2 to 3 days off work","It requires approximately 2 to 3 days off work",,,68,68,"Give a longer explanation of the effects and how they would impact life","Give a longer explanation of the effects and how they would impact life",,,,,,,,,,,0.377,0.377,0.654,0.654,0.622,0.622,neu,neu
136,136,Z217,Z217,KS01,KS01,"there are special insurance arrangements being put in place.","there are special insurance arrangements being put in place.",,,76,76,"I feel that saying -insurance arrangements- is not enough in reassuring the people.","I feel that saying -insurance arrangements- is not enough in reassuring the people.",,,,,,,,,,,0.636,0.636,0.176,0.176,0.363,0.363,neg,neg
137,137,Z217,Z217,KS01,KS01,"there are special insurance arrangements being put in place.","there are special insurance arrangements being put in place.",,,76,76,"Have a special section explaining all this.","Have a special section explaining all this.",,,,,,,,,,,0.509,0.509,0.528,0.528,0.490,0.490,neu,neu
138,138,Z217,Z217,VS01,VS01,"For people who want treatment there are three choices","For people who want treatment there are three choices",,,83,83,"Listing them is a good choice but not much is said about each procedure","Listing them is a good choice but not much is said about each procedure",,,,,,,,,,,0.461,0.461,0.303,0.303,0.538,0.538,pos,pos
139,139,Z217,Z217,VS01,VS01,"For people who want treatment there are three choices","For people who want treatment there are three choices",,,83,83,"Give a short explanaition for each treatment.","Give a short explanaition for each treatment.",,,,,,,,,,,0.415,0.415,0.669,0.669,0.584,0.584,neu,neu
140,140,Z217,Z217,VS01,VS01,"you will be asked if you would be prepared to join one or other part of this study","you will be asked if you would be prepared to join one or other part of this study",,,85,85,"Even though it is explained latter, I believe there should be a list of each part of the study to briefly state its interests.","Even though it is explained latter, I believe there should be a list of each part of the study to briefly state its interests.",,,,,,,,,,,0.308,0.308,0.334,0.334,0.691,0.691,pos,pos
141,141,Z217,Z217,VS01,VS01,"you will be asked if you would be prepared to join one or other part of this study","you will be asked if you would be prepared to join one or other part of this study",,,85,85,"Attach a brief list of the study components.","Attach a brief list of the study components.",,,,,,,,,,,0.370,0.370,0.278,0.278,0.629,0.629,pos,pos
142,142,Z217,Z217,VS01,VS01,"In either case we would still very much like to see how you get on by sending you questionnaires","In either case we would still very much like to see how you get on by sending you questionnaires",,,86,86,"It seems a bit inconsiderate not to mention the option to opt out even of the questionnaires.","It seems a bit inconsiderate not to mention the option to opt out even of the questionnaires.",,,,,,,,,,,0.460,0.460,0.360,0.360,0.539,0.539,pos,pos
143,143,Z217,Z217,VS01,VS01,"In either case we would still very much like to see how you get on by sending you questionnaires","In either case we would still very much like to see how you get on by sending you questionnaires",,,86,86,"Make a note saying the questionnaires are voluntary.","Make a note saying the questionnaires are voluntary.",,,,,,,,,,,0.473,0.473,0.756,0.756,0.526,0.526,neu,neu
144,144,Z217,Z217,VS01,VS01,"If you want more information ","If you want more information ",,,92,92,"The paragraph about more information should be clearly marked. I see it hidden as a side note, but in truth it is important.","The paragraph about more information should be clearly marked. I see it hidden as a side note, but in truth it is important.",,,,,,,,,,,0.285,0.285,0.132,0.132,0.714,0.714,pos,pos
145,145,Z217,Z217,VS01,VS01,"If you want more information ","If you want more information ",,,92,92,"Put emphasis on the -more information- bit. Change font, size or put it in the beginning of the section.","Put emphasis on the -more information- bit. Change font, size or put it in the beginning of the section.",,,,,,,,,,,0.364,0.364,0.201,0.201,0.635,0.635,pos,pos
146,146,Z217,Z217,VS01,VS01,"Remember: Varicose veins are usually harmless and seldom cause serious medical problems.","Remember: Varicose veins are usually harmless and seldom cause serious medical problems.",,,100,100,"All the details above were well organized, but the last bit informing of the harmless nature should have an emphasis on it.","All the details above were well organized, but the last bit informing of the harmless nature should have an emphasis on it.",,,,,,,,,,,0.539,0.539,0.309,0.309,0.460,0.460,neg,neg
147,147,Z217,Z217,VS01,VS01,"A small amount of sclerosant is injected into the vein","A small amount of sclerosant is injected into the vein",,,107,107,"information of the nature of the substance as it might be harmful to some people.","information of the nature of the substance as it might be harmful to some people.",,,,,,,,,,,0.442,0.442,0.341,0.341,0.557,0.557,pos,pos
148,148,NHB12,NHB12,ES01,ES01,"Day hospitals compared to rehabilitation at home.","Day hospitals compared to rehabilitation at home.",,,2,2,"I do not know what a -day hospital- is and what condition it -applies to- eg. Psychiatric or chiropactry.","I do not know what a -day hospital- is and what condition it -applies to- eg. Psychiatric or chiropactry.",,,,,,,,,,,0.601,0.601,0.731,0.731,0.398,0.398,neu,neu
149,149,NHB12,NHB12,ES01,ES01,"A randomised controlled trial","A randomised controlled trial",,,2,2,"Don\'t fully understand what a randomised controll is.","Don\'t fully understand what a randomised controll is.",,,,,,,,,,,0.583,0.583,0.379,0.379,0.416,0.416,neg,neg
150,150,NHB12,NHB12,ES01,ES01,"Take time to decide whether you wish to take part.","Take time to decide whether you wish to take part.",,,4,4,"would like more information","would like more information",,,,,,,,,,,0.453,0.453,0.288,0.288,0.546,0.546,pos,pos
151,151,NHB12,NHB12,ES01,ES01,"Consumers for Ethics in Research (CERES) publish a leaflet entitled \'Medical Research and You\'. This leaflet gives more information about medical research and looks at some questions you may want to ask. A copy may be obtained from CERES, PO Box 1365, London, N16 OBW.","Consumers for Ethics in Research (CERES) publish a leaflet entitled \'Medical Research and You\'. This leaflet gives more information about medical research and looks at some questions you may want to ask. A copy may be obtained from CERES, PO Box 1365, London, N16 OBW.",,,5,5,"unnecessary information in the bulk of the leaflet. -Possibly smaller print near the end.","unnecessary information in the bulk of the leaflet. -Possibly smaller print near the end.",,,,,,,,,,,0.599,0.599,0.539,0.539,0.400,0.400,neu,neu
152,152,NHB12,NHB12,ES01,ES01,"What is the purpose of this study?","What is the purpose of this study?",,,7,7,"Bold/underlined headings","Bold/underlined headings",,,,,,,,,,,0.401,0.401,0.474,0.474,0.598,0.598,pos,pos
153,153,NHB12,NHB12,ES01,ES01,"if there are any advantages of one over the other in terms of cost or patient and carer preference.","if there are any advantages of one over the other in terms of cost or patient and carer preference.",,,8,8,punctuation,punctuation,,,,,,,,,,,0.509,0.509,0.595,0.595,0.490,0.490,neu,neu
154,154,NHB12,NHB12,ES01,ES01,"The study is a National Randomised Controlled Trial, which means it is taking place nationally","The study is a National Randomised Controlled Trial, which means it is taking place nationally",,,8,8,Wordy,Wordy,,,,,,,,,,,0.509,0.509,0.595,0.595,0.490,0.490,neu,neu
155,155,NHB12,NHB12,ES01,ES01,"patients who agree to be involved are randomly assigned to receive either home based or day hospital rehabilitation.","patients who agree to be involved are randomly assigned to receive either home based or day hospital rehabilitation.",,,8,8,"what is rehab?","what is rehab?",,,,,,,,,,,0.535,0.535,0.598,0.598,0.464,0.464,neu,neu
156,156,NHB12,NHB12,ES01,ES01,"patients who agree to be involved are randomly assigned to receive either home based or day hospital rehabilitation.","patients who agree to be involved are randomly assigned to receive either home based or day hospital rehabilitation.",,,8,8,Confussing,Confussing,,,,,,,,,,,0.509,0.509,0.595,0.595,0.490,0.490,neu,neu
157,157,NHB12,NHB12,ES01,ES01,"From previous studies, we don\'t expect there to be any difference in effectiveness between these two","From previous studies, we don\'t expect there to be any difference in effectiveness between these two",,,9,9,"why are they doing it then?","why are they doing it then?",,,,,,,,,,,0.776,0.776,0.750,0.750,0.223,0.223,neu,neu
158,158,NHB12,NHB12,ES01,ES01,"so you will not be disadvantaged by being assigned to either one.","so you will not be disadvantaged by being assigned to either one.",,,9,9,"To wordy and confusing","To wordy and confusing",,,,,,,,,,,0.614,0.614,0.350,0.350,0.385,0.385,neg,neg
159,159,NHB12,NHB12,ES01,ES01,"which is most cost effective","which is most cost effective",,,9,9,Confussing,Confussing,,,,,,,,,,,0.509,0.509,0.595,0.595,0.490,0.490,neu,neu
160,160,NHB12,NHB12,ES01,ES01,"What we hope to find out is which of these is preferable according to the patient and carer","What we hope to find out is which of these is preferable according to the patient and carer",,,9,9,Confussing,Confussing,,,,,,,,,,,0.509,0.509,0.595,0.595,0.490,0.490,neu,neu
161,161,NHB12,NHB12,ES01,ES01,"you are an elderly person who has been identified as needing rehabilitation.","you are an elderly person who has been identified as needing rehabilitation.",,,11,11,"Who identified?","Who identified?",,,,,,,,,,,0.498,0.498,0.797,0.797,0.501,0.501,neu,neu
162,162,NHB12,NHB12,ES01,ES01,"you are an elderly person who has been identified as needing rehabilitation.","you are an elderly person who has been identified as needing rehabilitation.",,,11,11,"rehab for what?","rehab for what?",,,,,,,,,,,0.459,0.459,0.711,0.711,0.540,0.540,neu,neu
163,163,NHB12,NHB12,ES01,ES01,"Do I have to take part?","Do I have to take part?",,,12,12,"in what?","in what?",,,,,,,,,,,0.509,0.509,0.583,0.583,0.490,0.490,neu,neu
164,164,NHB12,NHB12,ES01,ES01,"If you decide to take part you will be given this information sheet to keep and be asked to sign a consent form.","If you decide to take part you will be given this information sheet to keep and be asked to sign a consent form.",,,13,13,"by who? When?","by who? When?",,,,,,,,,,,0.490,0.490,0.891,0.891,0.509,0.509,neu,neu
165,165,NHB12,NHB12,ES01,ES01,"If you decide to take part you will be given this information sheet to keep and be asked to sign a consent form.","If you decide to take part you will be given this information sheet to keep and be asked to sign a consent form.",,,13,13,How?,How?,,,,,,,,,,,0.516,0.516,0.607,0.607,0.483,0.483,neu,neu
166,166,KXY38,KXY38,KS01,KS01,,,,,,,"It is a better lealfet than the first one","It is a better lealfet than the first one",,,,,,,,,,,0.301,0.301,0.237,0.237,0.698,0.698,pos,pos
167,167,KXY38,KXY38,VS01,VS01,,,,,,,"It was a bit long and boring","It was a bit long and boring",,,,,,,,,,,0.837,0.837,0.134,0.134,0.162,0.162,neg,neg
168,168,KXY38,KXY38,WS01,WS01,,,,,,,"This was a good one","This was a good one",,,,,,,,,,,0.393,0.393,0.200,0.200,0.606,0.606,pos,pos
169,169,ALT17,ALT17,KS01,KS01,,,,,,,"The information on the leaflet is not very clear or easy to understand","The information on the leaflet is not very clear or easy to understand",,,,,,,,,,,0.611,0.611,0.264,0.264,0.388,0.388,neg,neg
170,170,ALT17,ALT17,KS01,KS01,,,,,,,"The patient information sheet should be simplified. I found it confusing","The patient information sheet should be simplified. I found it confusing",,,,,,,,,,,0.542,0.542,0.206,0.206,0.457,0.457,neg,neg
171,171,ALT17,ALT17,VS01,VS01,,,,,,,"I did not found this leaflet very clear to understand","I did not found this leaflet very clear to understand",,,,,,,,,,,0.547,0.547,0.229,0.229,0.452,0.452,neg,neg
172,172,ALT17,ALT17,WS01,WS01,,,,,,,"Not clear, go redo it","Not clear, go redo it",,,,,,,,,,,0.533,0.533,0.307,0.307,0.466,0.466,neg,neg
173,173,OXI94,OXI94,WS01,WS01,,,,,,,"I like the friendly writing style","I like the friendly writing style",,,,,,,,,,,0.443,0.443,0.176,0.176,0.556,0.556,pos,pos
174,174,OXI94,OXI94,KS01,KS01,,,,,,,"I think the info is about right","I think the info is about right",,,,,,,,,,,0.482,0.482,0.189,0.189,0.517,0.517,pos,pos
175,175,OXI94,OXI94,ES01,ES01,,,,,,,"I think it could have been presented in a clearer way by making it more visually attractive","I think it could have been presented in a clearer way by making it more visually attractive",,,,,,,,,,,0.547,0.547,0.084,0.084,0.452,0.452,neg,neg
176,176,ZOY48,ZOY48,WS01,WS01,,,,,,,"The information was useful and completely","The information was useful and completely",,,,,,,,,,,0.550,0.550,0.550,0.550,0.449,0.449,neu,neu
177,177,ZOY48,ZOY48,VS01,VS01,,,,,,,"The information was completely and helpful","The information was completely and helpful",,,,,,,,,,,0.567,0.567,0.756,0.756,0.432,0.432,neu,neu
178,178,ZOY48,ZOY48,KS01,KS01,,,,,,,"It was good","It was good",,,,,,,,,,,0.418,0.418,0.210,0.210,0.581,0.581,pos,pos
179,179,RBM27,RBM27,WS01,WS01,,,,,,,"(Happy face)","(Happy face)",,,,,,,,,,,0.255,0.255,0.301,0.301,0.744,0.744,pos,pos
180,180,RBM27,RBM27,KS01,KS01,,,,,,,"(Happy face)","(Happy face)",,,,,,,,,,,0.255,0.255,0.301,0.301,0.744,0.744,pos,pos
181,181,RBM27,RBM27,ES01,ES01,,,,,,,"(Happy face)","(Happy face)",,,,,,,,,,,0.255,0.255,0.301,0.301,0.744,0.744,pos,pos
182,182,Z217,Z217,VS01,VS01,,,,,,,"It has plenty of information, well organized.","It has plenty of information, well organized.",,,,,,,,,,,0.315,0.315,0.463,0.463,0.684,0.684,pos,pos
183,183,Z217,Z217,KS01,KS01,,,,,,,"I feel the information received was enough, it is just a matter of presenting it as to be understood and remembered by the participants. Evereything might come across as a very complicated process, when in truth it should be just explainned better.","I feel the information received was enough, it is just a matter of presenting it as to be understood and remembered by the participants. Evereything might come across as a very complicated process, when in truth it should be just explainned better.",,,,,,,,,,,0.454,0.454,0.114,0.114,0.545,0.545,pos,pos
184,184,Z217,Z217,ES01,ES01,,,,,,,"It was explicity and it encouraged people to take part in this study, while also informing them about possible outcomes","It was explicity and it encouraged people to take part in this study, while also informing them about possible outcomes",,,,,,,,,,,0.387,0.387,0.233,0.233,0.612,0.612,pos,pos
185,185,Z215,Z215,WS01,WS01,,,,,,,"A lot of reassuring info given, good for older people, info came across very candid/honest","A lot of reassuring info given, good for older people, info came across very candid/honest",,,,,,,,,,,0.254,0.254,0.249,0.249,0.745,0.745,pos,pos
186,186,Z215,Z215,WS01,WS01,,,,,,,"FAQ not answered - will medication I take affect the study? Most older people are on several meds","FAQ not answered - will medication I take affect the study? Most older people are on several meds",,,,,,,,,,,0.416,0.416,0.307,0.307,0.583,0.583,pos,pos
187,187,Z215,Z215,WS01,WS01,,,,,,,"with the info about anonimity may be good to add that researchers appreciate some patients may feel embarressed by the problem but all involved in the study are medical professionals","with the info about anonimity may be good to add that researchers appreciate some patients may feel embarressed by the problem but all involved in the study are medical professionals",,,,,,,,,,,0.520,0.520,0.258,0.258,0.479,0.479,neg,neg
188,188,Z215,Z215,WS01,WS01,,,,,,,"May also help to say if preferred we can try to have the same researcher contact for Qs as may be less embarrased to speak with one person rather than several","May also help to say if preferred we can try to have the same researcher contact for Qs as may be less embarrased to speak with one person rather than several",,,,,,,,,,,0.497,0.497,0.425,0.425,0.502,0.502,pos,pos
189,189,Z215,Z215,VS01,VS01,,,,,,,"No info on what varicose veins actually are","No info on what varicose veins actually are",,,,,,,,,,,0.512,0.512,0.598,0.598,0.487,0.487,neu,neu
190,190,Z215,Z215,VS01,VS01,,,,,,,"No info why surgery is not being looked out for the study","No info why surgery is not being looked out for the study",,,,,,,,,,,0.681,0.681,0.687,0.687,0.318,0.318,neu,neu
191,191,Z215,Z215,VS01,VS01,,,,,,,"Advantages = getting treatment (injections) that the NHS may not afford","Advantages = getting treatment (injections) that the NHS may not afford",,,,,,,,,,,0.463,0.463,0.407,0.407,0.536,0.536,pos,pos
192,192,Z215,Z215,VS01,VS01,,,,,,,"Disadvantages = Changing contraception, no option of surgery within trial, only able to get on NHS. Do they follow progression of these patients?","Disadvantages = Changing contraception, no option of surgery within trial, only able to get on NHS. Do they follow progression of these patients?",,,,,,,,,,,0.570,0.570,0.726,0.726,0.429,0.429,neu,neu
193,193,Z215,Z215,KS01,KS01,,,,,,,"Need to number pages! I got completely lost.","Need to number pages! I got completely lost.",,,,,,,,,,,0.712,0.712,0.378,0.378,0.287,0.287,neg,neg
194,194,Z215,Z215,KS01,KS01,,,,,,,"Add by contact info -if you have any other questions please use the contact info provided- to encourage active Qs/fb","Add by contact info -if you have any other questions please use the contact info provided- to encourage active Qs/fb",,,,,,,,,,,0.488,0.488,0.243,0.243,0.511,0.511,pos,pos
195,195,Z215,Z215,ES01,ES01,,,,,,,"Should mention how study/findings can benefit the individual to incentive not just collective as harder to engage people with benefit being -informing future policies-","Should mention how study/findings can benefit the individual to incentive not just collective as harder to engage people with benefit being -informing future policies-",,,,,,,,,,,0.492,0.492,0.308,0.308,0.507,0.507,pos,pos
196,196,Z215,Z215,ES01,ES01,,,,,,,"No info on what -rehabilitation- would involve generally","No info on what -rehabilitation- would involve generally",,,,,,,,,,,0.513,0.513,0.430,0.430,0.486,0.486,neg,neg
197,197,SDF54,SDF54,VS01,VS01,,,,,,,"The information is generally ok.","The information is generally ok.",,,,,,,,,,,0.355,0.355,0.308,0.308,0.644,0.644,pos,pos
198,198,SDF54,SDF54,WS01,WS01,,,,,,,"Mostly clear information -need to describe -independent consumer representative-","Mostly clear information -need to describe -independent consumer representative-",,,,,,,,,,,0.584,0.584,0.412,0.412,0.415,0.415,neg,neg
199,199,SVX13,SVX13,ES01,ES01,,,,,,,"It was interesting but confusing","It was interesting but confusing",,,,,,,,,,,0.649,0.649,0.206,0.206,0.350,0.350,neg,neg
200,200,SVX13,SVX13,VS01,VS01,,,,,,,"People with varicose veins should be alloud treatment especially if it causes serious medical problems","People with varicose veins should be alloud treatment especially if it causes serious medical problems",,,,,,,,,,,0.388,0.388,0.155,0.155,0.611,0.611,pos,pos
201,201,SVX13,SVX13,WS01,WS01,,,,,,,"Laxatives can be quite dangerous and can cause people more stomach problems so it is important that more research is done","Laxatives can be quite dangerous and can cause people more stomach problems so it is important that more research is done",,,,,,,,,,,0.453,0.453,0.104,0.104,0.546,0.546,pos,pos
202,202,MYR38,MYR38,ES01,ES01,,,,,,,"The leaflet was ok and covers the relevant questions","The leaflet was ok and covers the relevant questions",,,,,,,,,,,0.333,0.333,0.267,0.267,0.666,0.666,pos,pos
203,203,MYR38,MYR38,KS01,KS01,,,,,,,"This was most interesting as my sister has had this surgery","This was most interesting as my sister has had this surgery",,,,,,,,,,,0.482,0.482,0.289,0.289,0.517,0.517,pos,pos
204,204,MYR38,MYR38,VS01,VS01,,,,,,,"It was ok","It was ok",,,,,,,,,,,0.420,0.420,0.290,0.290,0.579,0.579,pos,pos
205,205,MYR38,MYR38,WS01,WS01,,,,,,,"It was ok","It was ok",,,,,,,,,,,0.420,0.420,0.290,0.290,0.579,0.579,pos,pos
206,206,KAY78,KAY78,ES01,ES01,,,,,,,"It was excellent","It was excellent",,,,,,,,,,,0.279,0.279,0.053,0.053,0.720,0.720,pos,pos
207,207,KAY78,KAY78,KS01,KS01,,,,,,,"It was excellent","It was excellent",,,,,,,,,,,0.279,0.279,0.053,0.053,0.720,0.720,pos,pos
208,208,KAY78,KAY78,VS01,VS01,,,,,,,"I did scan all the leaflet and I could not find anything wrong","I did scan all the leaflet and I could not find anything wrong",,,,,,,,,,,0.845,0.845,0.063,0.063,0.154,0.154,neg,neg
209,209,KAY78,KAY78,WS01,WS01,,,,,,,"Perfect, well done","Perfect, well done",,,,,,,,,,,0.145,0.145,0.075,0.075,0.854,0.854,pos,pos
210,210,GSN40,GSN40,ES01,ES01,,,,,,,"I could not find something wrong but the information is not bold enough and almost perfect","I could not find something wrong but the information is not bold enough and almost perfect",,,,,,,,,,,0.641,0.641,0.081,0.081,0.358,0.358,neg,neg
211,211,GSN40,GSN40,KS01,KS01,,,,,,,"The leaflet is almost perfect and well organized. I think it needs more words","The leaflet is almost perfect and well organized. I think it needs more words",,,,,,,,,,,0.347,0.347,0.085,0.085,0.652,0.652,pos,pos
212,212,GSN40,GSN40,VS01,VS01,,,,,,,"Well, after I scanned all the leaflet I did not find anything wrong about it. Well done.","Well, after I scanned all the leaflet I did not find anything wrong about it. Well done.",,,,,,,,,,,0.759,0.759,0.055,0.055,0.240,0.240,neg,neg
213,213,GSN40,GSN40,WS01,WS01,,,,,,,"It seems very perfect and well organized. Good.","It seems very perfect and well organized. Good.",,,,,,,,,,,0.117,0.117,0.100,0.100,0.882,0.882,pos,pos
214,214,JXY62,JXY62,ES01,ES01,,,,,,,"The leaflet is clear and well understood. It makes me to understand a lot of things I have never come across before.","The leaflet is clear and well understood. It makes me to understand a lot of things I have never come across before.",,,,,,,,,,,0.630,0.630,0.208,0.208,0.369,0.369,neg,neg
215,215,JXY62,JXY62,KS01,KS01,,,,,,,"The leaflet gave me a lot of experience about health issues and general questions and answers. It also make me to have better understanding about a lot of health issues.","The leaflet gave me a lot of experience about health issues and general questions and answers. It also make me to have better understanding about a lot of health issues.",,,,,,,,,,,0.372,0.372,0.175,0.175,0.627,0.627,pos,pos
216,216,JXY62,JXY62,VS01,VS01,,,,,,,"The leaflet is clear and well understood. It makes me to have a broad understanding in the area of the relationship between a doctor and a patient. It also make me to know that when a patient is sick what he/she needs to do.","The leaflet is clear and well understood. It makes me to have a broad understanding in the area of the relationship between a doctor and a patient. It also make me to know that when a patient is sick what he/she needs to do.",,,,,,,,,,,0.586,0.586,0.706,0.706,0.413,0.413,neu,neu
217,217,KNR49,KNR49,ES01,ES01,,,,,,,"The leaflet was informative & challenging for the most part.","The leaflet was informative & challenging for the most part.",,,,,,,,,,,0.237,0.237,0.166,0.166,0.762,0.762,pos,pos
218,218,KNR49,KNR49,KS01,KS01,,,,,,,"The leaflet was a bit too hard to understand","The leaflet was a bit too hard to understand",,,,,,,,,,,0.616,0.616,0.190,0.190,0.383,0.383,neg,neg
219,219,KNR49,KNR49,WS01,WS01,,,,,,,"This leaflet was a bit hard to understand","This leaflet was a bit hard to understand",,,,,,,,,,,0.495,0.495,0.232,0.232,0.504,0.504,pos,pos
220,220,GTX38,GTX38,ES01,ES01,,,,,,,"The whole patient information sheet did not give clear info; I am strugling to understand.","The whole patient information sheet did not give clear info; I am strugling to understand.",,,,,,,,,,,0.482,0.482,0.332,0.332,0.517,0.517,pos,pos
221,221,GTX38,GTX38,KS01,KS01,,,,,,,"The info on this leaflet was perfect I understood it","The info on this leaflet was perfect I understood it",,,,,,,,,,,0.288,0.288,0.047,0.047,0.711,0.711,pos,pos
222,222,GTX38,GTX38,KS01,KS01,,,,,,,"The info was clear I understood better.","The info was clear I understood better.",,,,,,,,,,,0.458,0.458,0.236,0.236,0.541,0.541,pos,pos
223,223,GTX38,GTX38,WS01,WS01,,,,,,,"I understood very well. Very clear.","I understood very well. Very clear.",,,,,,,,,,,0.404,0.404,0.213,0.213,0.595,0.595,pos,pos
224,224,SVG28,SVG28,ES01,ES01,,,,,,,"Excellent, easy to understand.","Excellent, easy to understand.",,,,,,,,,,,0.209,0.209,0.056,0.056,0.790,0.790,pos,pos
225,225,SVG28,SVG28,KS01,KS01,,,,,,,,,,,,,,,,,,,0,0,0,0,0,0,n/a,n/a
226,226,SVG28,SVG28,VS01,VS01,,,,,,,"Not sure","Not sure",,,,,,,,,,,0.519,0.519,0.131,0.131,0.480,0.480,neg,neg
227,227,SVG28,SVG28,WS01,WS01,,,,,,,,,,,,,,,,,,,0,0,0,0,0,0,n/a,n/a
228,228,SFT29,SFT29,ES01,ES01,,,,,,,,,,,,,,,,,,,0,0,0,0,0,0,n/a,n/a
229,229,SFT29,SFT29,KS01,KS01,,,,,,,"Found the leaflet easy to understand","Found the leaflet easy to understand",,,,,,,,,,,0.394,0.394,0.233,0.233,0.605,0.605,pos,pos
230,230,SFT29,SFT29,VS01,VS01,,,,,,,"Found it not so easy as the other two leaflets asket to read. Found I had to go back and read several times. A lot of information to take in.","Found it not so easy as the other two leaflets asket to read. Found I had to go back and read several times. A lot of information to take in.",,,,,,,,,,,0.545,0.545,0.293,0.293,0.454,0.454,neg,neg
231,231,SFT29,SFT29,WS01,WS01,,,,,,,"Found this leaflet again a lot to take-in and had to go back and read information again before answering questions. Some of the information was easy to remember - other parts a little confusing.","Found this leaflet again a lot to take-in and had to go back and read information again before answering questions. Some of the information was easy to remember - other parts a little confusing.",,,,,,,,,,,0.611,0.611,0.436,0.436,0.388,0.388,neg,neg
232,232,DBS58,DBS58,ES01,ES01,,,,,,,"The headlines shows that you might get the whole information but you can not get the whole information and it is not too specific. It is difficult to understand it all.","The headlines shows that you might get the whole information but you can not get the whole information and it is not too specific. It is difficult to understand it all.",,,,,,,,,,,0.606,0.606,0.179,0.179,0.393,0.393,neg,neg
233,233,DBS58,DBS58,KS01,KS01,,,,,,,"It is easy to understand. The instructions was very good and clear. They put the topic for making it easy to understand.","It is easy to understand. The instructions was very good and clear. They put the topic for making it easy to understand.",,,,,,,,,,,0.285,0.285,0.212,0.212,0.714,0.714,pos,pos
234,234,DBS58,DBS58,VS01,VS01,,,,,,,"The leaflet does not give all the info you need and it is not too specific","The leaflet does not give all the info you need and it is not too specific",,,,,,,,,,,0.567,0.567,0.297,0.297,0.432,0.432,neg,neg
235,235,DBS58,DBS58,WS01,WS01,,,,,,,"It has enough information and you can read and get the picture about what to do and how. It is very clear.","It has enough information and you can read and get the picture about what to do and how. It is very clear.",,,,,,,,,,,0.277,0.277,0.173,0.173,0.722,0.722,pos,pos
236,236,CYT89,CYT89,ES01,ES01,,,,,,,,,,,,,,,,,,,0,0,0,0,0,0,n/a,n/a
237,237,SVL37,SVL37,ES01,ES01,,,,,,,"I would love to take part.","I would love to take part.",,,,,,,,,,,0.363,0.363,0.192,0.192,0.636,0.636,pos,pos
238,238,SVL37,SVL37,KS01,KS01,,,,,,,"Although initially very dubious about the leaflet - I actually thought it was really interesting and made me understand so much. Overall, brillant!!!","Although initially very dubious about the leaflet - I actually thought it was really interesting and made me understand so much. Overall, brillant!!!",,,,,,,,,,,0.494,0.494,0.188,0.188,0.505,0.505,pos,pos
239,239,SVL37,SVL37,VS01,VS01,,,,,,,"I was very happy with the leaflet. It was extremelly well written on a way totally understandable for me - who knew/knows very little about varicose veins.","I was very happy with the leaflet. It was extremelly well written on a way totally understandable for me - who knew/knows very little about varicose veins.",,,,,,,,,,,0.269,0.269,0.063,0.063,0.730,0.730,pos,pos
240,240,SVL37,SVL37,WS01,WS01,,,,,,,"I have had constipation problems for years. The study is for older people -if not I had be delighted to join the research group!","I have had constipation problems for years. The study is for older people -if not I had be delighted to join the research group!",,,,,,,,,,,0.486,0.486,0.331,0.331,0.513,0.513,pos,pos
241,241,PZI29,PZI29,ES01,ES01,,,,,,,"I find the leaflet is very confusing. An elderly man walked out and I believe that says it all.","I find the leaflet is very confusing. An elderly man walked out and I believe that says it all.",,,,,,,,,,,0.674,0.674,0.203,0.203,0.325,0.325,neg,neg
242,242,PZI29,PZI29,KS01,KS01,,,,,,,"This survey was most enjoyable and informative. If there are more going on please let me know.","This survey was most enjoyable and informative. If there are more going on please let me know.",,,,,,,,,,,0.341,0.341,0.179,0.179,0.658,0.658,pos,pos
243,243,PZI29,PZI29,VS01,VS01,,,,,,,"This one was good. I did enjoy it.","This one was good. I did enjoy it.",,,,,,,,,,,0.400,0.400,0.152,0.152,0.599,0.599,pos,pos
244,244,PZI29,PZI29,WS01,WS01,,,,,,,"I did not enjoy this one as much as the last one.","I did not enjoy this one as much as the last one.",,,,,,,,,,,0.635,0.635,0.251,0.251,0.364,0.364,neg,neg
245,245,NHB12,NHB12,ES01,ES01,,,,,,,"less boring, not as long, computer based, happy/smily faces.","less boring, not as long, computer based, happy/smily faces.",,,,,,,,,,,0.701,0.701,0.313,0.313,0.298,0.298,neg,neg
246,246,PAF84,PAF84,ES01,ES01,,,,,,,"I think there is a need for amplifying some information during the procedure of providing general insight.","I think there is a need for amplifying some information during the procedure of providing general insight.",,,,,,,,,,,0.582,0.582,0.213,0.213,0.417,0.417,neg,neg
247,247,PAF84,PAF84,ES01,ES01,,,,,,,"It is very useful and brings out the channelling bit of informative text to reinforce mental wllbeing/health in specific areas.","It is very useful and brings out the channelling bit of informative text to reinforce mental wllbeing/health in specific areas.",,,,,,,,,,,0.387,0.387,0.422,0.422,0.612,0.612,pos,pos
248,248,PAF84,PAF84,KS01,KS01,,,,,,,"It was very useful and I think the fact that cames of these procedures help.","It was very useful and I think the fact that cames of these procedures help.",,,,,,,,,,,0.630,0.630,0.349,0.349,0.369,0.369,neg,neg
249,249,PAF84,PAF84,VS01,VS01,,,,,,,"It was useful and appropiately informative to each proposal. It was helpful too. It said what had to be mentioned as long as procedure safety is concerned.","It was useful and appropiately informative to each proposal. It was helpful too. It said what had to be mentioned as long as procedure safety is concerned.",,,,,,,,,,,0.438,0.438,0.698,0.698,0.561,0.561,neu,neu
250,250,PAF84,PAF84,WS01,WS01,,,,,,,"It supplied a correct amount of information based on the advice given. I think it is given to support my needs and provide me with clues to","It supplied a correct amount of information based on the advice given. I think it is given to support my needs and provide me with clues to",,,,,,,,,,,0.616,0.616,0.478,0.478,0.383,0.383,neg,neg
251,251,,,,,,,,,,,,,,,,,,,,,,,,,,,,,,
252,252,fss1g15,fss1g15,,,"Day hospitals","Day hospitals",01000000000,01000000000,p2,p2,"I do not know what a day hospital means","I do not know what a day hospital means",010,010,00000100,00000100,,,,,,,,,,,,,,
253,253,12345,12345,,,"Please ","Please ",00000000000,00000000000,p3,p3,"dont understand this","dont understand this",010,010,01000000,01000000,,,,,,,,,,,,,,
254,254,12345,12345,,,"Before ","Before ",00000000000,00000000000,p3,p3,asdfg,asdfg,000,000,00000000,00000000,,,,,,,,,,,,,,
255,255,,,,,,,00000000000,00000000000,,,,,000,000,00000000,00000000,,,,,,,,,,,,,,
256,256,p,p,,,Rehabilitation,Rehabilitation,00000000000,00000000000,p2,p2,p,p,000,000,00000000,00000000,,,,,,,,,,,,,,
257,257,p,p,,,Rehabilitation,Rehabilitation,00000000000,00000000000,p2,p2,p,p,000,000,00000000,00000000,,,,,,,,,,,,,,
258,258,p,p,,,Rehabilitation,Rehabilitation,00000000000,00000000000,p2,p2,p,p,000,000,00000000,00000000,,,,,,,,,,,,,,
259,259,p,p,,,Rehabilitation,Rehabilitation,00000000000,00000000000,p2,p2,p,p,000,000,00000000,00000000,,,,,,,,,,,,,,
260,260,p,p,,,"Will my taking part in the study be kept confidential? ","Will my taking part in the study be kept confidential? ",00000000000,00000000000,p15,p15,prueba,prueba,000,000,00000000,00000000,,,,,,,,,,,,,,
261,261,p,p,,,"Will my taking part in the study be kept confidential? ","Will my taking part in the study be kept confidential? ",00000000000,00000000000,p15,p15,prueba,prueba,000,000,00000000,00000000,,,,,,,,,,,,,,
262,262,p,p,,,"Will my taking part in the study be kept confidential? ","Will my taking part in the study be kept confidential? ",00000000000,00000000000,p15,p15,prueba,prueba,000,000,00000000,00000000,,,,,,,,,,,,,,
263,263,p,p,,,"Will my taking part in the study be kept confidential? ","Will my taking part in the study be kept confidential? ",00000000000,00000000000,p15,p15,prueba,prueba,000,000,00000000,00000000,,,,,,,,,,,,,,
264,264,p,p,,,"Will my taking part in the study be kept confidential? ","Will my taking part in the study be kept confidential? ",00000000000,00000000000,p15,p15,prueba,prueba,000,000,00000000,00000000,,,,,,,,,,,,,,
265,265,p,p,,,"Will my taking part in the study be kept confidential? ","Will my taking part in the study be kept confidential? ",00000000000,00000000000,p15,p15,prueba,prueba,000,000,00000000,00000000,,,,,,,,,,,,,,
266,266,,,,,,,00000000000,00000000000,,,,,000,000,00000000,00000000,,,,,,,,,,,,,,
267,267,,,,,,,00000000000,00000000000,,,,,000,000,00000000,00000000,,,,,,,,,,,,,,
268,268,,,,,,,00000000000,00000000000,,,,,000,000,00000000,00000000,,,,,,,,,,,,,,
269,269,a,a,,,"kept confidential","kept confidential",00000000000,00000000000,p15,p15,a,a,100,100,00000000,00000000,,,,,,,,,,,,,,
</tbody></table>